산,tour
갈대,flower
견훤,greatman
계백,greatman
고은,greatman
고종,greatman
관창,greatman
궁예,greatman
권율,greatman
길재,greatman
김구,greatman
난초,flower
논개,greatman
단군,greatman
등산,tour
백합,flower
벚꽃,flower
순종,greatman
싱아,flower
영조,greatman
온천,tour
왕건,greatman
원효,greatman
유신,greatman
이상,greatman
이이,greatman
이황,greatman
인조,greatman
장미,flower
정조,greatman
정철,greatman
최영,greatman
태종,greatman
튤립,flower
해변,tour
허균,greatman
허준,greatman
황희,greatman
강감찬,greatman
개나리,flower
개로왕,greatman
경덕왕,greatman
경문왕,greatman
경순왕,greatman
공민왕,greatman
곽재우,greatman
광해군,greatman
김광섭,greatman
김규식,greatman
김대중,greatman
김두한,greatman
김부식,greatman
김상옥,greatman
김소월,greatman
김시민,greatman
김시습,greatman
김영랑,greatman
김영삼,greatman
김옥균,greatman
김유신,greatman
김유정,greatman
김정호,greatman
김좌진,greatman
김홍도,greatman
대나무,flower
대조영,greatman
동명왕,greatman
동물원,tour
무궁화,flower
문무왕,greatman
문익점,greatman
민영환,greatman
바닷가,tour
박문수,greatman
방정환,greatman
벚나무,flower
뽕나무,flower
소나무,flower
손병희,greatman
수목원,tour
식물원,tour
신숙주,greatman
신윤복,greatman
신조어,popword
안개꽃,flower
안용복,greatman
안익태,greatman
안중근,greatman
안창호,greatman
연산군,greatman
온조왕,greatman
유관순,greatman
유성룡,greatman
유행어,popword
윤동주,greatman
윤봉길,greatman
의자왕,greatman
이봉창,greatman
이사부,greatman
이상설,greatman
이성계,greatman
이순신,greatman
이승만,greatman
이승훈,greatman
이완용,greatman
이육사,greatman
이율곡,greatman
이중섭,greatman
장보고,greatman
장영실,greatman
장지연,greatman
장희빈,greatman
전두환,greatman
전봉준,greatman
정도전,greatman
정명훈,greatman
정몽주,greatman
정약용,greatman
제비꽃,flower
진달래,flower
진흥왕,greatman
질경이,flower
초롱꽃,flower
최무선,greatman
한명회,greatman
한석봉,greatman
한용운,greatman
할미꽃,flower
호박꽃,flower
홍난파,greatman
홍범도,greatman
황순원,greatman
황진이,greatman
강아지풀,flower
고국원왕,greatman
고국천왕,greatman
근초고왕,greatman
김수로왕,greatman
낙랑공주,greatman
노란국화,flower
느티나무,flower
박혁거세,greatman
빨간국화,flower
세종대왕,greatman
신사임당,greatman
안평대군,greatman
연개소문,greatman
영창대군,greatman
원광법사,greatman
을지문덕,greatman
카네이션,flower
코스모스,flower
편백나무,flower
하얀국화,flower
해바라기,flower
허난설헌,greatman
히아신스,flower
광개토대왕,greatman
흥선대원군,greatman
