애리조나다이아몬드백스,SPORTS_TEAM
조선민주주의인민공화국,REGION
동대문역사문화공원역,REGION
보스니아헤르체고비나,REGION
사하라아랍민주공화국,REGION
샌프란시스코자이언츠,SPORTS_TEAM
세인트루이스카디널스,SPORTS_TEAM
세인트빈센트그레나딘,REGION
안양케이지씨인삼공사,SPORTS_TEAM
울산현대모비스피버스,SPORTS_TEAM
인천전자랜드엘리펀츠,SPORTS_TEAM
갈릭치킨바베큐피자,FOOD
고양오리온오리온스,SPORTS_TEAM
디지털미디어시티역,REGION
디트로이트타이거스,SPORTS_TEAM
맨체스터유나이티드,SPORTS_TEAM
브로콜리쇠고기볶음,FOOD
상주상무프로축구단,SPORTS_TEAM
서울과학기술대학교,EDUCATION
서울에스케이나이츠,SPORTS_TEAM
애틀랜타브레이브스,SPORTS_TEAM
오클랜드어슬레틱스,SPORTS_TEAM
전주케이씨씨이지스,SPORTS_TEAM
중앙아프리카공화국,REGION
클리블랜드인디언스,SPORTS_TEAM
피츠버그파이어리츠,SPORTS_TEAM
가산디지털단지역,REGION
구로디지털단지역,REGION
남아프리카공화국,REGION
뉴캐슬유나이티드,SPORTS_TEAM
딸기맛아이스크림,FOOD
마케도니아공화국,REGION
미크로네시아연방,REGION
바닐라아이스크림,FOOD
볼티모어오리올스,SPORTS_TEAM
부산케이티소닉붐,SPORTS_TEAM
부천종합운동장역,REGION
샌디에고파드리스,SPORTS_TEAM
세인트키츠네비스,REGION
소프트아이스크림,FOOD
수원삼성블루윙즈,SPORTS_TEAM
시카고화이트삭스,SPORTS_TEAM
아틀란틱마드리드,SPORTS_TEAM
창원엘지세이커스,SPORTS_TEAM
초콜렛아이스크림,FOOD
캔자스시티로열스,SPORTS_TEAM
템파베이레이스템,SPORTS_TEAM
토론토블루제이스,SPORTS_TEAM
트란스니스트리아,REGION
트리니다드토바고,REGION
필라델피아필리스,SPORTS_TEAM
한국외국어대학교,EDUCATION
휴스턴애스트로즈,SPORTS_TEAM
고구마줄기나물,FOOD
고로쇠나무수액,FOOD
남한산성입구역,REGION
노루궁뎅이버섯,FOOD
느타리버섯볶음,FOOD
닭고기양배추쌈,FOOD
도미니카공화국,REGION
떠먹는요구르트,FOOD
마이애미말린즈,SPORTS_TEAM
메추리알장조림,FOOD
멸치풋고추볶음,FOOD
미네소타트윈스,SPORTS_TEAM
밀워키브루어즈,SPORTS_TEAM
베이스클라리넷,INSTRUMENT
베이컨샌드위치,FOOD
보스턴레드삭스,SPORTS_TEAM
북마리아나제도,REGION
블루베리요거트,FOOD
사우디아라비아,REGION
상투메프린시페,REGION
서울삼성썬더스,SPORTS_TEAM
서울시립대학교,EDUCATION
성신여대입구역,REGION
성화개신죽림동,REGION
소고기샤브샤브,FOOD
소고기채소볶음,FOOD
숙명여자대학교,EDUCATION
스크램블드에그,FOOD
스피드스케이팅,SPORTS
시애틀매리너스,SPORTS_TEAM
신대방삼거리역,REGION
아르차흐공화국,REGION
양송이버섯볶음,FOOD
어린이대공원역,REGION
영지버섯추출물,FOOD
오스트레일리아,REGION
울산현대축구단,SPORTS_TEAM
워싱턴내셔널스,SPORTS_TEAM
원주디비프로미,SPORTS_TEAM
월드컵경기장역,REGION
이화여자대학교,EDUCATION
인천유나이티드,SPORTS_TEAM
전북현대모터스,SPORTS_TEAM
정부과천청사역,REGION
제주유나이티드,SPORTS_TEAM
중앙보훈병원역,REGION
중화인민공화국,REGION
콜로라도록키스,SPORTS_TEAM
콩고민주공화국,REGION
크리스탈팰리스,SPORTS_TEAM
텍사스레인저스,SPORTS_TEAM
토마토스파게티,FOOD
투르크메니스탄,REGION
프리스타일스키,SPORTS
핫크리스피버거,FOOD
해산물샤브샤브,FOOD
햄치즈샌드위치,FOOD
흰버드나무껍질,FOOD
감자야채스튜,FOOD
고구마타락죽,FOOD
고속터미널역,REGION
곤드레나물밥,FOOD
광명사거리역,REGION
국회의사당역,REGION
금호23가동,REGION
꽁치양념구이,FOOD
남대문로1가,REGION
남대문로2가,REGION
남대문로3가,REGION
남대문로4가,REGION
남대문로5가,REGION
남부터미널역,REGION
단대오거리역,REGION
닭고기샐러드,FOOD
동대신동1가,REGION
동대신동2가,REGION
동대신동3가,REGION
동두천중앙역,REGION
동소문동1가,REGION
동소문동2가,REGION
동소문동3가,REGION
동소문동4가,REGION
동소문동5가,REGION
동소문동6가,REGION
동소문동7가,REGION
딸기맛쉐이크,FOOD
뚝섬유원지역,REGION
라즈베리주스,FOOD
레알마드리드,SPORTS_TEAM
리히텐슈타인,REGION
마다가스카르,REGION
맨체스터시티,SPORTS_TEAM
머스타드소스,FOOD
무말랭이무침,FOOD
미꾸라지튀김,FOOD
미아사거리역,REGION
미역줄기볶음,FOOD
바닐라쉐이크,FOOD
발아현미주스,FOOD
부르키나파소,REGION
비엔나소시지,FOOD
사량도지리산,MOUNTAIN
사차인치열매,FOOD
삼산체육관역,REGION
상어지느러미,FOOD
생크림케이크,FOOD
서대신동1가,REGION
서대신동2가,REGION
서대신동3가,REGION
서완산동1가,REGION
서완산동2가,REGION
서울대입구역,REGION
성균관대학교,EDUCATION
성수1가1동,REGION
성수1가2동,REGION
성수2가1동,REGION
성수2가3동,REGION
세인트루시아,REGION
소고기버섯죽,FOOD
소고기육개장,FOOD
소고기장조림,FOOD
쇠고기미역국,FOOD
수성23가동,REGION
숭실대입구역,REGION
신시내티레즈,SPORTS_TEAM
신정네거리역,REGION
싱크로나이즈,SPORTS
아랍에미리트,REGION
아스파라거스,FOOD
아제르바이잔,REGION
아틀레빌바오,SPORTS_TEAM
아프가니스탄,REGION
액상요구르트,FOOD
앤티가바부다,REGION
야음장생포동,REGION
양념장어구이,FOOD
에너지드링크,DRINK
에베레스트산,MOUNTAIN
엘에이다저스,SPORTS_TEAM
엘에이엔젤스,SPORTS_TEAM
영등포구청역,REGION
영등포동1가,REGION
영등포동2가,REGION
영등포동3가,REGION
영등포동4가,REGION
영등포동5가,REGION
영등포동6가,REGION
영등포동7가,REGION
영등포동8가,REGION
영등포시장역,REGION
옥수수수염차,FOOD
올림픽공원역,REGION
올빼미앵무새,BIRD
왕십리도선동,REGION
우즈베키스탄,REGION
을지로3가역,REGION
을지로4가역,REGION
을지로입구역,REGION
자기부상열차,TRANSPORT
장대높이뛰기,SPORTS
종합운동장역,REGION
중화산동1가,REGION
중화산동2가,REGION
철도대체버스,TRANSPORT
초콜렛쉐이크,FOOD
총신대입구역,REGION
코트디부아르,REGION
콩나물해장국,FOOD
크랜베리주스,FOOD
키르기스스탄,REGION
킬리만자로산,MOUNTAIN
파인애플주스,FOOD
파푸아뉴기니,REGION
팽이버섯볶음,FOOD
페파로니피자,FOOD
포테이토피자,FOOD
포항스틸러스,SPORTS_TEAM
표고버섯볶음,FOOD
피스타치오넛,FOOD
하와이안피자,FOOD
한성대입구역,REGION
해물스파게티,FOOD
호버크래프트,TRANSPORT
홍콩미니버스,TRANSPORT
화수1화평동,REGION
화이트초콜렛,FOOD
효창공원앞역,REGION
후라이드치킨,FOOD
후렌치후라이,FOOD
히비스커스차,FOOD
가락시장역,REGION
가시오갈피,FOOD
가자미구이,FOOD
가자미조림,FOOD
강남구청역,REGION
강동구청역,REGION
강원에프씨,SPORTS_TEAM
건국대학교,EDUCATION
건대입구역,REGION
건새우볶음,FOOD
검암경서동,REGION
경남에프씨,SPORTS_TEAM
경마공원역,REGION
경북대학교,EDUCATION
경원동1가,REGION
경원동2가,REGION
경원동3가,REGION
경찰병원역,REGION
경희대학교,EDUCATION
계란노른자,FOOD
계산동1가,REGION
계산동2가,REGION
고구마맛탕,FOOD
고구마피자,FOOD
고등어구이,FOOD
고등어조림,FOOD
고등어찌개,FOOD
고려대학교,EDUCATION
고사리나물,FOOD
고성동1가,REGION
고성동2가,REGION
고성동3가,REGION
고지방우유,FOOD
고추장아찌,FOOD
골뱅이무침,FOOD
공항시장역,REGION
광개토대왕,PERSON
광복동1가,REGION
광복동2가,REGION
광복동3가,REGION
광어매운탕,FOOD
광희동1가,REGION
광희동2가,REGION
구운오징어,FOOD
국민대학교,EDUCATION
굽은다리역,REGION
글로켄슈필,INSTRUMENT
금남로1가,REGION
금남로2가,REGION
금남로3가,REGION
금남로4가,REGION
금남로5가,REGION
금천구청역,REGION
금호1가동,REGION
금호4가동,REGION
금호동1가,REGION
금호동2가,REGION
금호동3가,REGION
금호동4가,REGION
기니비사우,REGION
기름가자미,FISH
김말이튀김,FOOD
김치볶음밥,FOOD
김포공항역,REGION
깻잎장아찌,FOOD
나이지리아,REGION
남가좌1동,REGION
남가좌2동,REGION
남문로1가,REGION
남문로2가,REGION
남부민1동,REGION
남부민2동,REGION
남산동1가,REGION
남산동2가,REGION
남산동3가,REGION
남오세티야,REGION
남촌도림동,REGION
남포동1가,REGION
남포동2가,REGION
남포동3가,REGION
남포동4가,REGION
남포동5가,REGION
남포동6가,REGION
남항동1가,REGION
남항동2가,REGION
남항동3가,REGION
내당23동,REGION
노량진1동,REGION
노량진2동,REGION
노르딕스키,SPORTS
노원동1가,REGION
노원동2가,REGION
노원동3가,REGION
녹두빈대떡,FOOD
녹색잎채소,FOOD
녹황색야채,FOOD
녹황색채소,FOOD
논현고잔동,REGION
누룽지과자,FOOD
뉴욕양키스,SPORTS_TEAM
느타리버섯,FOOD
다가동1가,REGION
다가동2가,REGION
다가동3가,REGION
다가동4가,REGION
다크초콜릿,FOOD
단단한사탕,FOOD
단호박스프,FOOD
달걀노른자,FOOD
답십리1동,REGION
답십리2동,REGION
당산동1가,REGION
당산동2가,REGION
당산동3가,REGION
당산동4가,REGION
당산동5가,REGION
당산동6가,REGION
대교동1가,REGION
대교동2가,REGION
대구매운탕,FOOD
대구에프씨,SPORTS_TEAM
대구지리탕,FOOD
대나무통밥,FOOD
대성동1가,REGION
대성동2가,REGION
대의동1가,REGION
대의동2가,REGION
대의동3가,REGION
대창동1가,REGION
대창동2가,REGION
대청동1가,REGION
대청동2가,REGION
대청동3가,REGION
대청동4가,REGION
대평동1가,REGION
대평동2가,REGION
더블베이스,INSTRUMENT
덕진동1가,REGION
덕진동2가,REGION
도라지나물,FOOD
도라지생채,FOOD
도화23동,REGION
돈까스소스,FOOD
돌솥비빔밥,FOOD
동광동1가,REGION
동광동2가,REGION
동광동3가,REGION
동광동4가,REGION
동광동5가,REGION
동국대학교,EDUCATION
동대신1동,REGION
동대신2동,REGION
동대신3동,REGION
동대입구역,REGION
동선동1가,REGION
동선동2가,REGION
동선동3가,REGION
동선동4가,REGION
동선동5가,REGION
동성로1가,REGION
동성로2가,REGION
동성로3가,REGION
동인동1가,REGION
동인동2가,REGION
동인동3가,REGION
동인동4가,REGION
돼지불고기,FOOD
돼지주물럭,FOOD
두월동1가,REGION
두월동2가,REGION
두월동3가,REGION
둔촌오륜역,REGION
들깨인삼죽,FOOD
등심돈가스,FOOD
등푸른생선,FOOD
딸기요거트,FOOD
라이베리아,REGION
락교장아찌,FOOD
레몬에이드,FOOD
로즈마리차,FOOD
룩셈부르크,REGION
류산슬덮밥,FOOD
리얼테니스,SPORTS
리투아니아,REGION
마곡나루역,REGION
마늘장아찌,FOOD
마늘쫑무침,FOOD
마카다미아,FOOD
마포구청역,REGION
만리동1가,REGION
만리동2가,REGION
말레이시아,REGION
말린오징어,FOOD
매산로1가,REGION
매산로2가,REGION
매산로3가,REGION
매실장아찌,FOOD
메추라기알,FOOD
면목38동,REGION
모지리도후,FOOD
모현동1가,REGION
모현동2가,REGION
몬테네그로,REGION
몽촌토성역,REGION
무궤도철도,TRANSPORT
무릉도원면,REGION
무지방우유,FOOD
무태조야동,REGION
문곡소도동,REGION
문래동1가,REGION
문래동2가,REGION
문래동3가,REGION
문래동4가,REGION
문래동5가,REGION
문래동6가,REGION
문치가자미,FISH
미나리나물,FOOD
미소된장국,FOOD
밀크셰이크,DRINK
밀크카라멜,FOOD
바나나우유,FOOD
바르셀로나,SPORTS_TEAM
바베이도스,REGION
바야돌리드,SPORTS_TEAM
바티칸시국,REGION
반곡관설동,REGION
방글라데시,REGION
방울양배추,FOOD
방울토마토,FOOD
배추겉절이,FOOD
버티고개역,REGION
베네수엘라,REGION
보광동1가,REGION
보광동2가,REGION
보광동3가,REGION
보문동1가,REGION
보문동2가,REGION
보문동3가,REGION
보문동4가,REGION
보문동5가,REGION
보문동6가,REGION
보문동7가,REGION
보수동1가,REGION
보수동2가,REGION
보수동3가,REGION
복숭아화채,FOOD
봉래동1가,REGION
봉래동2가,REGION
봉래동3가,REGION
봉래동4가,REGION
봉래동5가,REGION
부민동1가,REGION
부민동2가,REGION
부민동3가,REGION
부산대학교,EDUCATION
부용동1가,REGION
부용동2가,REGION
부천시청역,REGION
부평구청역,REGION
부평동1가,REGION
부평동2가,REGION
부평동3가,REGION
부평동4가,REGION
북가좌1동,REGION
북가좌2동,REGION
북문로1가,REGION
북문로2가,REGION
북문로3가,REGION
북성동1가,REGION
북성동2가,REGION
북성동3가,REGION
북성로1가,REGION
북성로2가,REGION
북어채무침,FOOD
북키프로스,REGION
불고기버거,FOOD
불고기피자,FOOD
불로봉무동,REGION
브라질너트,FOOD
비산23동,REGION
뽕잎달인물,FOOD
사우샘프턴,SPORTS_TEAM
살구요거트,FOOD
삶은메주콩,FOOD
삼덕동1가,REGION
삼덕동2가,REGION
삼덕동3가,REGION
삼선동1가,REGION
삼선동2가,REGION
삼선동3가,REGION
삼선동4가,REGION
삼선동5가,REGION
삼선볶음밥,FOOD
삼선자장면,FOOD
삼성중앙역,REGION
삼천동1가,REGION
삼천동2가,REGION
삼천동3가,REGION
상계10동,REGION
상계34동,REGION
상계67동,REGION
상락동1가,REGION
상락동2가,REGION
상모사곡동,REGION
상왕십리동,REGION
상왕십리역,REGION
상추겉절이,FOOD
새싹비빔밥,FOOD
서강대학교,EDUCATION
서대신1동,REGION
서대신3동,REGION
서대신4동,REGION
서문로1가,REGION
서문로2가,REGION
서성로1가,REGION
서성로2가,REGION
서울대학교,EDUCATION
석촌고분역,REGION
선주원남동,REGION
성균관대역,REGION
성남에프씨,SPORTS_TEAM
성내충인동,REGION
성북동1가,REGION
성수동1가,REGION
성수동2가,REGION
세종대학교,EDUCATION
세팍타크로,SPORTS
소고기무국,FOOD
소고기스프,FOOD
소고기육회,FOOD
소말릴란드,REGION
소머리국밥,FOOD
소사본3동,REGION
소세지볶음,FOOD
소양로1가,REGION
소양로2가,REGION
소양로3가,REGION
소양로4가,REGION
솔로몬제도,REGION
송림35동,REGION
송월동1가,REGION
송월동2가,REGION
송월동3가,REGION
송천동1가,REGION
송천동2가,REGION
송파나루역,REGION
송학동1가,REGION
송학동2가,REGION
송학동3가,REGION
쇠고기산적,FOOD
쇠고기스튜,FOOD
수강동1가,REGION
수강동2가,REGION
수성1가동,REGION
수성4가동,REGION
수성동1가,REGION
수성동2가,REGION
수성동3가,REGION
수성동4가,REGION
숙대입구역,REGION
순두부찌개,FOOD
숭의13동,REGION
쉬림푸피자,FOOD
슈퍼슈프림,FOOD
스포츠음료,FOOD
슬로바키아,REGION
슬로베니아,REGION
시래기나물,FOOD
시에라리온,REGION
시카고컵스,SPORTS_TEAM
신길온천역,REGION
신대방1동,REGION
신대방2동,REGION
신문로1가,REGION
신문로2가,REGION
신선동1가,REGION
신선동2가,REGION
신선동3가,REGION
신창동1가,REGION
신창동2가,REGION
신창동3가,REGION
신창동4가,REGION
신포동1가,REGION
신포동2가,REGION
신흥동1가,REGION
신흥동2가,REGION
신흥동3가,REGION
심곡본1동,REGION
아르메니아,REGION
아르헨티나,REGION
아미동1가,REGION
아미동2가,REGION
아사이베리,FOOD
아스톤빌라,SPORTS_TEAM
아이스하키,SPORTS
아이슬란드,REGION
아주대학교,EDUCATION
아카시아꿀,FOOD
아콩카과산,MOUNTAIN
안심34동,REGION
안심돈가스,FOOD
안암동1가,REGION
안암동2가,REGION
안암동3가,REGION
안암동4가,REGION
안암동5가,REGION
알파인스키,SPORTS
양송이버섯,FOOD
양송이스프,FOOD
양천구청역,REGION
양천향교역,REGION
양파장아찌,FOOD
양평동1가,REGION
양평동2가,REGION
양평동3가,REGION
양평동4가,REGION
양평동5가,REGION
양평동6가,REGION
에리트레아,REGION
에스와티니,REGION
에스토니아,REGION
에스트로겐,FOOD
에티오피아,REGION
에프씨서울,SPORTS_TEAM
엘베루스산,MOUNTAIN
엘살바도르,REGION
여의나루역,REGION
연세대학교,EDUCATION
영등포본동,REGION
영선동1가,REGION
영선동2가,REGION
영선동3가,REGION
영선동4가,REGION
영해동1가,REGION
영해동2가,REGION
오렌지주스,FOOD
오므라이스,FOOD
오삼불고기,FOOD
오스트리아,REGION
오이소박이,FOOD
오징어물회,FOOD
오징어볶음,FOOD
오징어튀김,FOOD
오픈톱버스,TRANSPORT
옥수수스프,FOOD
온양온천역,REGION
올리브오일,FOOD
왕십리2동,REGION
용산2가동,REGION
용산동1가,REGION
용산동2가,REGION
용산동3가,REGION
용산동4가,REGION
용산동5가,REGION
용산동6가,REGION
용치놀래기,FISH
용현14동,REGION
우럭매운탕,FOOD
우뭇가사리,FOOD
우아동1가,REGION
우아동2가,REGION
우아동3가,REGION
우크라이나,REGION
원대동1가,REGION
원대동2가,REGION
원대동3가,REGION
원반던지기,SPORTS
원양정기선,TRANSPORT
원효로1가,REGION
원효로1동,REGION
원효로2가,REGION
원효로2동,REGION
원효로3가,REGION
원효로4가,REGION
월남동1가,REGION
월남동2가,REGION
월남동3가,REGION
월남동4가,REGION
월남동5가,REGION
육회비빔밥,FOOD
율량사천동,REGION
을지로1가,REGION
을지로2가,REGION
을지로3가,REGION
을지로4가,REGION
을지로5가,REGION
을지로6가,REGION
을지로7가,REGION
의정부1동,REGION
의정부2동,REGION
의정부3동,REGION
의주로1가,REGION
의주로2가,REGION
이태원1동,REGION
이태원2동,REGION
인도네시아,REGION
인하대학교,EDUCATION
인현동1가,REGION
인현동2가,REGION
인화동1가,REGION
인화동2가,REGION
인후동1가,REGION
인후동2가,REGION
잉글리쉬혼,INSTRUMENT
자반고등어,FOOD
잠실나루역,REGION
잠실새내역,REGION
장군동1가,REGION
장군동2가,REGION
장군동3가,REGION
장군동4가,REGION
장군동5가,REGION
장수서창동,REGION
장승배기역,REGION
장충동1가,REGION
장충동2가,REGION
저지방우유,FOOD
적당한염분,FOOD
전남대학교,EDUCATION
전미동1가,REGION
전미동2가,REGION
전북대학교,EDUCATION
종로1가동,REGION
종로2가동,REGION
종로3가동,REGION
종로3가역,REGION
종로4가동,REGION
종로5가동,REGION
종로5가역,REGION
종로6가동,REGION
주꾸미볶음,FOOD
중계23동,REGION
중앙대학교,EDUCATION
중앙동1가,REGION
중앙동2가,REGION
중앙동3가,REGION
중앙동4가,REGION
중앙동5가,REGION
중앙동6가,REGION
중앙동7가,REGION
중앙로1가,REGION
중앙로2가,REGION
중앙로3가,REGION
중화산1동,REGION
중화산2동,REGION
찹쌀도우넛,FOOD
창선동1가,REGION
창선동2가,REGION
창인동1가,REGION
창인동2가,REGION
창포동1가,REGION
창포동2가,REGION
창포동3가,REGION
채소크로켓,FOOD
청국장찌개,FOOD
청룡노포동,REGION
청운효자동,REGION
청파동1가,REGION
청파동2가,REGION
청파동3가,REGION
청포묵무침,FOOD
체리요거트,FOOD
초당순두부,FOOD
축복동1가,REGION
축복동2가,REGION
축복동3가,REGION
충남대학교,EDUCATION
충무동1가,REGION
충무동2가,REGION
충무동3가,REGION
충무로1가,REGION
충무로2가,REGION
충무로3가,REGION
충무로4가,REGION
충무로5가,REGION
충장로1가,REGION
충장로2가,REGION
충장로3가,REGION
충장로4가,REGION
충장로5가,REGION
충정로1가,REGION
충정로2가,REGION
충정로3가,REGION
치즈돈가스,FOOD
치즈케이크,FOOD
치킨샐러드,FOOD
칠면조고기,FOOD
칠성동1가,REGION
칠성동2가,REGION
카레라이스,FOOD
카모마일차,FOOD
카보베르데,REGION
카자흐스탄,REGION
카카오닙스,FOOD
카카오택시,TRANSPORT
캐스터네츠,INSTRUMENT
코스타리카,REGION
코코넛워터,FOOD
콘트라버순,INSTRUMENT
콜리플라워,FOOD
콩고공화국,REGION
콩나물국밥,FOOD
콩비지찌개,FOOD
크로아티아,REGION
클라비코드,INSTRUMENT
타지키스탄,REGION
태릉입구역,REGION
태평로1가,REGION
태평로2가,REGION
태평로3가,REGION
토마토소스,FOOD
토마토케첩,FOOD
토성동1가,REGION
토성동2가,REGION
토성동3가,REGION
토성동4가,REGION
토성동5가,REGION
트라이앵글,INSTRUMENT
트램트레인,TRANSPORT
트롤리버스,TRANSPORT
파마산치즈,FOOD
팔달로1가,REGION
팔달로2가,REGION
팔달로3가,REGION
팔레스타인,REGION
팔복동1가,REGION
팔복동2가,REGION
팔복동3가,REGION
팔복동4가,REGION
페퍼민트차,FOOD
평화동1가,REGION
평화동2가,REGION
평화동3가,REGION
포환던지기,SPORTS
풍남동1가,REGION
풍남동2가,REGION
풍남동3가,REGION
풍덕천1동,REGION
풍덕천2동,REGION
피스타치오,FOOD
하왕십리동,REGION
한강로1가,REGION
한강로2가,REGION
한강로3가,REGION
한성백제역,REGION
한양대학교,EDUCATION
해물칼국수,FOOD
해바라기씨,FOOD
해바라기유,FOOD
해산물볶음,FOOD
해안동1가,REGION
해안동2가,REGION
해안동3가,REGION
해안동4가,REGION
행복동1가,REGION
행복동2가,REGION
헛개나무차,FOOD
호성동1가,REGION
호성동2가,REGION
호성동3가,REGION
홍대입구역,REGION
홍어회무침,FOOD
황소개구리,ANIMAL
회현동1가,REGION
회현동2가,REGION
회현동3가,REGION
효자동1가,REGION
효자동2가,REGION
효자동3가,REGION
흥선대원군,PERSON
흰베도라치,FISH
가능1동,REGION
가락1동,REGION
가락2동,REGION
가락본동,REGION
가리봉동,REGION
가리왕산,MOUNTAIN
가수원동,REGION
가야1동,REGION
가야2동,REGION
가야곡면,REGION
가양1동,REGION
가양2동,REGION
가양3동,REGION
가음정동,REGION
가이아나,REGION
가자미전,FOOD
가지나물,FOOD
가지볶음,FOOD
간고등어,FOOD
간석1동,REGION
간석2동,REGION
간석3동,REGION
간석4동,REGION
간선버스,TRANSPORT
간장게장,FOOD
간장치킨,FOOD
갈마1동,REGION
갈마2동,REGION
갈산1동,REGION
갈산2동,REGION
갈치구이,FOOD
갈치조림,FOOD
갈현1동,REGION
갈현2동,REGION
감만1동,REGION
감만2동,REGION
감말랭이,FOOD
감자볶음,FOOD
감자튀김,FOOD
감천1동,REGION
감천2동,REGION
갑오징어,FOOD
강도다리,FISH
강아지풀,PLANT
개금1동,REGION
개금2동,REGION
개금3동,REGION
개똥벌레,INSECT
개봉1동,REGION
개봉2동,REGION
개봉3동,REGION
개포1동,REGION
개포2동,REGION
개포4동,REGION
개화산역,REGION
거여1동,REGION
거여2동,REGION
결명자차,FOOD
경동1가,REGION
경동2가,REGION
경복궁역,REGION
계피가루,FOOD
고강1동,REGION
고강본동,REGION
고구마잎,FOOD
고국원왕,PERSON
고국천왕,PERSON
고기만두,FOOD
고덕1동,REGION
고덕2동,REGION
고들빼기,FOOD
고등학교,EDUCATION
고래고기,FOOD
고려대역,REGION
고로쇠물,FOOD
고산1동,REGION
고산2동,REGION
고산3동,REGION
고속버스,TRANSPORT
고속철도,TRANSPORT
고척1동,REGION
고척2동,REGION
고추냉이,FOOD
고추잡채,FOOD
고추장떡,FOOD
고춧가루,FOOD
곡류음식,FOOD
곡반정동,REGION
곤지암읍,REGION
곱창전골,FOOD
공단1동,REGION
공단2동,REGION
공릉1동,REGION
공릉2동,REGION
과일젤리,FOOD
과테말라,REGION
관동1가,REGION
관동2가,REGION
관동3가,REGION
관양1동,REGION
관양2동,REGION
관저1동,REGION
관저2동,REGION
광교1동,REGION
광교2동,REGION
광나루역,REGION
광동1가,REGION
광동2가,REGION
광동3가,REGION
광명1동,REGION
광명2동,REGION
광명3동,REGION
광명4동,REGION
광명5동,REGION
광명6동,REGION
광명7동,REGION
광어초밥,FOOD
광역버스,TRANSPORT
광역철도,TRANSPORT
광운대역,REGION
광혜원면,REGION
광화문역,REGION
광흥창역,REGION
괴정1동,REGION
괴정2동,REGION
괴정3동,REGION
괴정4동,REGION
구기자차,FOOD
구로1동,REGION
구로2동,REGION
구로3동,REGION
구로4동,REGION
구로5동,REGION
구룡포읍,REGION
구문소동,REGION
구미1동,REGION
구반포역,REGION
구서1동,REGION
구서2동,REGION
구암1동,REGION
구암2동,REGION
구월1동,REGION
구월2동,REGION
구월3동,REGION
구월4동,REGION
구의1동,REGION
구의2동,REGION
구의3동,REGION
구파발역,REGION
구포1동,REGION
구포2동,REGION
구포3동,REGION
군고구마,FOOD
군평선이,FISH
군포1동,REGION
군포2동,REGION
굴비구이,FOOD
굴포천역,REGION
굵은소금,FOOD
권선1동,REGION
권선2동,REGION
귀뚜라미,INSECT
그라나다,SPORTS_TEAM
그레나다,REGION
근초고왕,PERSON
금강송면,REGION
금동1가,REGION
금동2가,REGION
금촌1동,REGION
금촌2동,REGION
금촌3동,REGION
길음1동,REGION
길음2동,REGION
김량장동,REGION
김삿갓면,REGION
김수로왕,PERSON
김치만두,FOOD
김치볶음,FOOD
김치찌개,FOOD
김포본동,REGION
까치산역,REGION
까치울역,REGION
깻잎김치,FOOD
깻잎볶음,FOOD
꼬리곰탕,FOOD
꽁치구이,FOOD
꽁치조림,FOOD
꽈리고추,FOOD
나미비아,REGION
나박김치,FOOD
낙랑공주,PERSON
낙성대동,REGION
낙성대역,REGION
낙지볶음,FOOD
난자완스,FOOD
남가좌동,REGION
남구로역,REGION
남노송동,REGION
남부민동,REGION
남양주시,REGION
남태령역,REGION
남항진동,REGION
납짝만두,FOOD
내당1동,REGION
내당4동,REGION
내덕1동,REGION
내덕2동,REGION
내발산동,REGION
내삼미동,REGION
너비아니,FOOD
네덜란드,REGION
노고산동,REGION
노란국화,PLANT
노량진동,REGION
노량진역,REGION
노르웨이,REGION
노르위치,SPORTS_TEAM
노오지동,REGION
노온사동,REGION
노은1동,REGION
노은2동,REGION
노은3동,REGION
녹사평역,REGION
녹색채소,FOOD
녹차가루,FOOD
논현1동,REGION
논현2동,REGION
농소1동,REGION
농소2동,REGION
농소3동,REGION
높이뛰기,SPORTS
뉴욕메츠,SPORTS_TEAM
뉴질랜드,REGION
느티나무,PLANT
늙은호박,FOOD
능이버섯,FOOD
니카라과,REGION
다금바리,FISH
다대1동,REGION
다대2동,REGION
단호박전,FOOD
달걀말이,FOOD
달래무침,FOOD
닭가슴살,FOOD
닭도리탕,FOOD
닭볶음탕,FOOD
답십리동,REGION
답십리역,REGION
당감1동,REGION
당감2동,REGION
당감4동,REGION
당산1동,REGION
당산2동,REGION
당진1동,REGION
당진2동,REGION
당진3동,REGION
대가야읍,REGION
대공원역,REGION
대관령면,REGION
대구횟대,FISH
대림1동,REGION
대림2동,REGION
대림3동,REGION
대부남동,REGION
대부동동,REGION
대부북동,REGION
대소원면,REGION
대야미동,REGION
대야미역,REGION
대연1동,REGION
대연3동,REGION
대연4동,REGION
대연5동,REGION
대연6동,REGION
대저1동,REGION
대저2동,REGION
대천1동,REGION
대천2동,REGION
대천3동,REGION
대천4동,REGION
대천5동,REGION
대치1동,REGION
대치2동,REGION
대치4동,REGION
대한민국,REGION
대호지면,REGION
대황교동,REGION
덕지천동,REGION
덕천1동,REGION
덕천2동,REGION
덕천3동,REGION
덕풍1동,REGION
덕풍2동,REGION
덕풍3동,REGION
데리버거,FOOD
도가니탕,FOOD
도곡1동,REGION
도곡2동,REGION
도두1동,REGION
도두2동,REGION
도련1동,REGION
도련2동,REGION
도림천역,REGION
도마1동,REGION
도마2동,REGION
도마교동,REGION
도미구이,FOOD
도미니카,REGION
도봉1동,REGION
도봉2동,REGION
도봉산역,REGION
도시철도,TRANSPORT
도토리묵,FOOD
도화1동,REGION
독가시치,FISH
독립문역,REGION
독바위역,REGION
독산1동,REGION
독산2동,REGION
독산3동,REGION
독산4동,REGION
돈암1동,REGION
돈암2동,REGION
돌가자미,FISH
돌곶이역,REGION
동갈횟대,FISH
동그랑땡,FOOD
동대문구,REGION
동대문역,REGION
동두천동,REGION
동두천시,REGION
동두천역,REGION
동묘앞역,REGION
동문1동,REGION
동문2동,REGION
동빈1가,REGION
동빈2가,REGION
동빙고동,REGION
동서금동,REGION
동서학동,REGION
동완산동,REGION
동인천역,REGION
동탄1동,REGION
동탄2동,REGION
동탄3동,REGION
동탄4동,REGION
동탄5동,REGION
동탄6동,REGION
동태찌개,FOOD
동티모르,REGION
동흥남동,REGION
돼지갈비,FOOD
돼지감자,FOOD
돼지고기,FOOD
돼지국밥,FOOD
돼지껍질,FOOD
된장찌개,FOOD
두루치기,FOOD
두부김치,FOOD
두부전골,FOOD
두부조림,FOOD
두암1동,REGION
두암2동,REGION
두암3동,REGION
둔산1동,REGION
둔산2동,REGION
둔산3동,REGION
둔촌1동,REGION
둔촌2동,REGION
둔촌동역,REGION
둥굴레차,FOOD
들깻가루,FOOD
등갈비찜,FOOD
등촌1동,REGION
등촌2동,REGION
등촌3동,REGION
딱따구리,BIRD
딸기시럽,FOOD
딸기우유,FOOD
딸기주스,FOOD
땅콩버터,FOOD
땅콩조림,FOOD
라면스프,FOOD
라임주스,FOOD
라즈베리,FOOD
라트비아,REGION
레가네스,SPORTS_TEAM
레드비트,FOOD
레드와인,FOOD
레몬주스,FOOD
로즈메리,FOOD
루마니아,REGION
마루운동,SPORTS
마셜제도,REGION
마쉬멜로,FOOD
마요네즈,FOOD
마요르카,SPORTS_TEAM
마을버스,TRANSPORT
마천1동,REGION
마천2동,REGION
마카로니,FOOD
마파두부,FOOD
만덕1동,REGION
만덕2동,REGION
만덕3동,REGION
만수1동,REGION
만수2동,REGION
만수3동,REGION
만수4동,REGION
만수5동,REGION
만수6동,REGION
만촌1동,REGION
만촌2동,REGION
만촌3동,REGION
망고스틴,FRUIT
망우3동,REGION
망우본동,REGION
망원1동,REGION
망원2동,REGION
망월사역,REGION
매생이국,FOOD
매실음료,FOOD
매탄1동,REGION
매탄2동,REGION
매탄3동,REGION
매탄4동,REGION
맥킨리산,MOUNTAIN
멀리뛰기,SPORTS
메밀국수,FOOD
메밀전병,FOOD
면목2동,REGION
면목4동,REGION
면목5동,REGION
면목7동,REGION
면목본동,REGION
명동1가,REGION
명동2가,REGION
명륜1가,REGION
명륜1동,REGION
명륜2가,REGION
명륜2동,REGION
명륜3가,REGION
명륜4가,REGION
명일1동,REGION
명일2동,REGION
명장1동,REGION
명장2동,REGION
명태구이,FOOD
모노레일,TRANSPORT
모듬탕수,FOOD
모리셔스,REGION
모리타니,REGION
모잠비크,REGION
모짜렐라,FOOD
목사동면,REGION
목이버섯,FOOD
몽블랑산,MOUNTAIN
무당벌레,INSECT
무빙워크,TRANSPORT
무시래기,FOOD
무악재역,REGION
무장아찌,FOOD
무지개떡,FOOD
무지내동,REGION
묵호진동,REGION
문어숙회,FOOD
문절망둑,FISH
문정1동,REGION
문정2동,REGION
문현1동,REGION
문현2동,REGION
문현3동,REGION
문현4동,REGION
문흥1동,REGION
문흥2동,REGION
물가자미,FISH
미꾸라지,FISH
미나리전,FOOD
미사1동,REGION
미사2동,REGION
미숫가루,FOOD
미식축구,SPORTS
미역줄기,FOOD
미역튀각,FOOD
미추홀구,REGION
바게트빵,FOOD
바누아투,REGION
바닷가재,FOOD
바이올린,INSTRUMENT
바퀴벌레,INSECT
박달1동,REGION
박달2동,REGION
박하사탕,FOOD
박혁거세,PERSON
반구1동,REGION
반구2동,REGION
반송1동,REGION
반송2동,REGION
반여1동,REGION
반여2동,REGION
반여3동,REGION
반여4동,REGION
반포1동,REGION
반포2동,REGION
반포3동,REGION
반포4동,REGION
반포본동,REGION
발렌시아,SPORTS_TEAM
발산1동,REGION
방림1동,REGION
방림2동,REGION
방배1동,REGION
방배2동,REGION
방배3동,REGION
방배4동,REGION
방배본동,REGION
방아깨비,INSECT
방이1동,REGION
방이2동,REGION
방학1동,REGION
방학2동,REGION
방학3동,REGION
방화1동,REGION
방화2동,REGION
방화3동,REGION
배드민턴,SPORTS
배알미동,REGION
배추김치,FOOD
백운1동,REGION
백운2동,REGION
버섯찌개,FOOD
버터팝콘,FOOD
버팔로윙,FOOD
범물1동,REGION
범물2동,REGION
범어1동,REGION
범어2동,REGION
범어3동,REGION
범어4동,REGION
범일1동,REGION
범일2동,REGION
범일5동,REGION
범천1동,REGION
범천2동,REGION
벨라루스,REGION
병어구이,FOOD
병영1동,REGION
병영2동,REGION
병점1동,REGION
병점2동,REGION
보라매동,REGION
보라매역,REGION
보리새우,FOOD
보츠와나,REGION
복분자주,FOOD
복산1동,REGION
복산2동,REGION
복지리탕,FOOD
복현1동,REGION
복현2동,REGION
볼락구이,FOOD
볼리비아,REGION
봉선1동,REGION
봉선2동,REGION
봉은사역,REGION
봉화산역,REGION
부개1동,REGION
부개2동,REGION
부개3동,REGION
부곡1동,REGION
부곡2동,REGION
부곡3동,REGION
부곡4동,REGION
부대찌개,FOOD
부산진구,REGION
부성1동,REGION
부성2동,REGION
부암1동,REGION
부암3동,REGION
부전1동,REGION
부전2동,REGION
부추김치,FOOD
부추무침,FOOD
부평1동,REGION
부평2동,REGION
부평3동,REGION
부평4동,REGION
부평5동,REGION
부평6동,REGION
북가좌동,REGION
북아현동,REGION
북어조림,FOOD
불가리아,REGION
불광1동,REGION
불광2동,REGION
불모산동,REGION
붉은고추,FOOD
브라이튼,SPORTS_TEAM
브로콜리,FOOD
브루나이,REGION
블랙베리,FOOD
블로콜리,FOOD
블루베리,FOOD
비브라폰,INSTRUMENT
비빔국수,FOOD
비빔냉면,FOOD
비빔만두,FOOD
비산1동,REGION
비산2동,REGION
비산3동,REGION
비산4동,REGION
비산5동,REGION
비산6동,REGION
비산7동,REGION
비야레알,SPORTS_TEAM
비응도동,REGION
비프스튜,FOOD
빛가람동,REGION
빨간국화,PLANT
뽕잎가루,FOOD
사가정역,REGION
사과식초,FOOD
사과주스,FOOD
사기소동,REGION
사당1동,REGION
사당2동,REGION
사당3동,REGION
사당4동,REGION
사당5동,REGION
사리현동,REGION
사슴벌레,INSECT
사직1동,REGION
사직2동,REGION
사직3동,REGION
사탕수수,FOOD
사파정동,REGION
산격1동,REGION
산격2동,REGION
산격3동,REGION
산격4동,REGION
산곡1동,REGION
산곡2동,REGION
산곡3동,REGION
산곡4동,REGION
산마리노,REGION
산본1동,REGION
산본2동,REGION
산적요리,FOOD
삼각김밥,FOOD
삼각산동,REGION
삼각지역,REGION
삼도1동,REGION
삼도2동,REGION
삼랑진읍,REGION
삼륜택시,TRANSPORT
삼산1동,REGION
삼산2동,REGION
삼선짬뽕,FOOD
삼성1동,REGION
삼성2동,REGION
삼양1동,REGION
삼양2동,REGION
삼양3동,REGION
삼정자동,REGION
삼천1동,REGION
삼천2동,REGION
삼천3동,REGION
삼치구이,FOOD
상계1동,REGION
상계2동,REGION
상계5동,REGION
상계8동,REGION
상계9동,REGION
상광교동,REGION
상그리아,DRINK
상대원동,REGION
상도1동,REGION
상도2동,REGION
상도3동,REGION
상도4동,REGION
상록수역,REGION
상봉1동,REGION
상봉2동,REGION
상봉암동,REGION
상사미동,REGION
상사창동,REGION
상산곡동,REGION
상월곡동,REGION
상월곡역,REGION
상일동역,REGION
상중이동,REGION
상지석동,REGION
상추튀김,FOOD
상현1동,REGION
상현2동,REGION
새우버거,FOOD
새우초밥,FOOD
새우튀김,FOOD
샌드위치,FOOD
생강사탕,FOOD
생비량면,REGION
생선까스,FOOD
생선물회,FOOD
생선초밥,FOOD
생연1동,REGION
생연2동,REGION
서귀포시,REGION
서낙동강,RIVER
서노송동,REGION
서대문구,REGION
서대문역,REGION
서부1동,REGION
서부2동,REGION
서빙고동,REGION
서서학동,REGION
서소문동,REGION
서정리역,REGION
서초1동,REGION
서초2동,REGION
서초3동,REGION
서초4동,REGION
서현1동,REGION
서현2동,REGION
서흥남동,REGION
석수1동,REGION
석수2동,REGION
석수3동,REGION
석장리동,REGION
선두구동,REGION
선바위역,REGION
선유도역,REGION
선정릉역,REGION
선주지동,REGION
성내1동,REGION
성내2동,REGION
성내3동,REGION
성사1동,REGION
성사2동,REGION
성산1동,REGION
성산2동,REGION
성정1동,REGION
성정2동,REGION
세류1동,REGION
세류2동,REGION
세류3동,REGION
세르비아,REGION
세발낙지,FOOD
세종대왕,PERSON
셀타비고,SPORTS_TEAM
셔틀버스,TRANSPORT
소갈비찜,FOOD
소금쟁이,INSECT
소말리아,REGION
소사본동,REGION
소요산역,REGION
소하1동,REGION
소하2동,REGION
속리산면,REGION
송내1동,REGION
송내2동,REGION
송림1동,REGION
송림2동,REGION
송림4동,REGION
송림6동,REGION
송산1동,REGION
송산2동,REGION
송정1동,REGION
송정2동,REGION
송파1동,REGION
송파2동,REGION
송현1동,REGION
송현2동,REGION
송현3동,REGION
쇼트트랙,SPORTS
수곡1동,REGION
수곡2동,REGION
수내1동,REGION
수내2동,REGION
수내3동,REGION
수락산역,REGION
수리산역,REGION
수박화채,FOOD
수상택시,TRANSPORT
수안보면,REGION
수유1동,REGION
수유2동,REGION
수유3동,REGION
수정1동,REGION
수정2동,REGION
수정4동,REGION
수정5동,REGION
수중익선,TRANSPORT
수진1동,REGION
수진2동,REGION
숙주나물,FOOD
순대볶음,FOOD
순무김치,FOOD
숭의2동,REGION
숭의4동,REGION
숭인1동,REGION
숭인2동,REGION
슈가애플,FRUIT
스리랑카,REGION
스파게티,FOOD
시내버스,TRANSPORT
시래기국,FOOD
시외버스,TRANSPORT
시장북로,REGION
시흥1동,REGION
시흥2동,REGION
시흥3동,REGION
시흥4동,REGION
시흥5동,REGION
신건지동,REGION
신곡1동,REGION
신곡2동,REGION
신공덕동,REGION
신금호역,REGION
신길1동,REGION
신길3동,REGION
신길4동,REGION
신길5동,REGION
신길6동,REGION
신길7동,REGION
신내1동,REGION
신내2동,REGION
신논현역,REGION
신당5동,REGION
신대방동,REGION
신대방역,REGION
신도림동,REGION
신도림역,REGION
신도안면,REGION
신모산동,REGION
신목동역,REGION
신반포역,REGION
신방화역,REGION
신사1동,REGION
신사2동,REGION
신사임당,PERSON
신설동역,REGION
신소현동,REGION
신암1동,REGION
신암2동,REGION
신암3동,REGION
신암4동,REGION
신암5동,REGION
신용산역,REGION
신월1동,REGION
신월2동,REGION
신월3동,REGION
신월4동,REGION
신월5동,REGION
신월6동,REGION
신월7동,REGION
신이문역,REGION
신장1동,REGION
신장2동,REGION
신정1동,REGION
신정2동,REGION
신정3동,REGION
신정4동,REGION
신정5동,REGION
신정6동,REGION
신정7동,REGION
신중동역,REGION
신천1동,REGION
신천2동,REGION
신천3동,REGION
신천4동,REGION
신탄진동,REGION
신태인읍,REGION
신평1동,REGION
신평2동,REGION
신흥1동,REGION
신흥2동,REGION
신흥3동,REGION
심곡1동,REGION
심곡2동,REGION
심곡3동,REGION
심곡본동,REGION
십정1동,REGION
십정2동,REGION
싱가포르,REGION
쌍문1동,REGION
쌍문2동,REGION
쌍문3동,REGION
쌍문4동,REGION
쌍용1동,REGION
쌍용2동,REGION
쌍용3동,REGION
쑥갓무침,FOOD
아라1동,REGION
아라2동,REGION
아로니아,FOOD
아보카도,FOOD
아일랜드,REGION
아차산역,REGION
안동찜닭,FOOD
안락1동,REGION
안락2동,REGION
안성1동,REGION
안성2동,REGION
안성3동,REGION
안심1동,REGION
안심2동,REGION
안양1동,REGION
안양2동,REGION
안양3동,REGION
안양4동,REGION
안양5동,REGION
안양6동,REGION
안양7동,REGION
안양8동,REGION
안양9동,REGION
안평대군,PERSON
알라베스,SPORTS_TEAM
알바니아,REGION
암사1동,REGION
암사2동,REGION
암사3동,REGION
압구정동,REGION
압구정역,REGION
압하지야,REGION
애오개역,REGION
애플망고,FOOD
야채볶음,FOOD
야채스프,FOOD
야탑1동,REGION
야탑2동,REGION
야탑3동,REGION
양념게장,FOOD
양념치킨,FOOD
양덕1동,REGION
양덕2동,REGION
양재1동,REGION
양재2동,REGION
양정1동,REGION
양정2동,REGION
양조간장,FOOD
양주1동,REGION
양주2동,REGION
양평1동,REGION
양평2동,REGION
어리굴젓,FOOD
어린이집,EDUCATION
어묵볶음,FOOD
어상천면,REGION
어성초차,FOOD
에스케이,SPORTS_TEAM
에스파뇰,SPORTS_TEAM
에이바르,SPORTS_TEAM
에콰도르,REGION
여의도동,REGION
여의도역,REGION
역곡1동,REGION
역곡2동,REGION
역곡3동,REGION
역삼1동,REGION
역삼2동,REGION
연개소문,PERSON
연근조림,FOOD
연다산동,REGION
연신내역,REGION
연어초밥,FOOD
열무김치,FOOD
영덕대게,FOOD
영등포구,REGION
영등포동,REGION
영등포역,REGION
영주1동,REGION
영주2동,REGION
영지버섯,FOOD
영창대군,PERSON
영통1동,REGION
영통2동,REGION
영통3동,REGION
오가피차,FOOD
오근장동,REGION
오라1동,REGION
오라2동,REGION
오라3동,REGION
오레가노,FOOD
오류1동,REGION
오류2동,REGION
오류동역,REGION
오리고기,FOOD
오메가3,FOOD
오메기떡,FOOD
오목교역,REGION
오목천동,REGION
오미자차,FOOD
오사수나,SPORTS_TEAM
오산대역,REGION
오식도동,REGION
오이고추,FOOD
오이냉국,FOOD
오이도역,REGION
오이생채,FOOD
오징어국,FOOD
오징어젓,FOOD
오징어채,FOOD
오징어포,FOOD
오치1동,REGION
오치2동,REGION
오토바이,TRANSPORT
옥돔구이,FOOD
옥수수빵,FOOD
옥수수차,FOOD
온두라스,REGION
온천1동,REGION
온천2동,REGION
온천3동,REGION
올리브유,FOOD
올리브잎,FOOD
왕십리역,REGION
외대앞역,REGION
외도1동,REGION
외도2동,REGION
외발산동,REGION
외삼미동,REGION
요구르트,FOOD
용가자미,FISH
용담1동,REGION
용담2동,REGION
용담3동,REGION
용당1동,REGION
용당2동,REGION
용마산역,REGION
용현2동,REGION
용현3동,REGION
용현5동,REGION
용호1동,REGION
용호2동,REGION
용호3동,REGION
용호4동,REGION
우루과이,REGION
우만1동,REGION
우만2동,REGION
우버택시,TRANSPORT
우엉조림,FOOD
우장산동,REGION
우장산역,REGION
운암1동,REGION
운암2동,REGION
운암3동,REGION
운정1동,REGION
운정2동,REGION
운정3동,REGION
울버햄튼,SPORTS_TEAM
원광법사,PERSON
원미1동,REGION
원미2동,REGION
원성1동,REGION
원성2동,REGION
원신흥동,REGION
원종1동,REGION
원종2동,REGION
원평1동,REGION
원평2동,REGION
월계1동,REGION
월계2동,REGION
월계3동,REGION
월계수잎,FOOD
월곡1동,REGION
월곡2동,REGION
월산4동,REGION
월산5동,REGION
월평1동,REGION
월평2동,REGION
월평3동,REGION
월호평동,REGION
웨스트햄,SPORTS_TEAM
유도버스,TRANSPORT
유람버스,TRANSPORT
유부초밥,FOOD
육사시미,FOOD
을지로동,REGION
을지문덕,PERSON
응암1동,REGION
응암2동,REGION
응암3동,REGION
의림지동,REGION
의정부동,REGION
의정부시,REGION
의정부역,REGION
이도1동,REGION
이도2동,REGION
이매1동,REGION
이매2동,REGION
이문1동,REGION
이문2동,REGION
이반성면,REGION
이스라엘,REGION
이온음료,FOOD
이촌1동,REGION
이촌2동,REGION
이탈리아,REGION
이태원동,REGION
이태원역,REGION
이호1동,REGION
이호2동,REGION
인덕원역,REGION
일도1동,REGION
일도2동,REGION
일반성면,REGION
일산1동,REGION
일산2동,REGION
일산3동,REGION
일원1동,REGION
일원2동,REGION
일원본동,REGION
자메이카,REGION
자몽주스,FOOD
자양1동,REGION
자양2동,REGION
자양3동,REGION
자양4동,REGION
자장소스,FOOD
잔치국수,FOOD
잠실2동,REGION
잠실3동,REGION
잠실4동,REGION
잠실6동,REGION
잠실7동,REGION
잠실본동,REGION
장기본동,REGION
장림1동,REGION
장림2동,REGION
장생포동,REGION
장승포동,REGION
장안1동,REGION
장안2동,REGION
장어덮밥,FOOD
장어초밥,FOOD
장위1동,REGION
장위2동,REGION
장위3동,REGION
장전1동,REGION
장전2동,REGION
장전3동,REGION
장한평역,REGION
장호원읍,REGION
재송1동,REGION
재송2동,REGION
저동1가,REGION
저동2가,REGION
적도기니,REGION
전농1동,REGION
전농2동,REGION
전동3가,REGION
전포1동,REGION
전포2동,REGION
정릉1동,REGION
정릉2동,REGION
정릉3동,REGION
정릉4동,REGION
정발산동,REGION
정발산역,REGION
정자1동,REGION
정자2동,REGION
정자3동,REGION
제기동역,REGION
제물포역,REGION
제육덮밥,FOOD
제육볶음,FOOD
제황산동,REGION
조기조림,FOOD
조원1동,REGION
조원2동,REGION
조치원읍,REGION
조피볼락,FISH
종로1가,REGION
종로2가,REGION
종로3가,REGION
종로4가,REGION
종로5가,REGION
종로6가,REGION
주안1동,REGION
주안2동,REGION
주안3동,REGION
주안4동,REGION
주안5동,REGION
주안6동,REGION
주안7동,REGION
주안8동,REGION
주엽1동,REGION
주엽2동,REGION
주월1동,REGION
주월2동,REGION
죽전1동,REGION
죽전2동,REGION
중계1동,REGION
중계4동,REGION
중계본동,REGION
중곡1동,REGION
중곡2동,REGION
중곡3동,REGION
중곡4동,REGION
중노송동,REGION
중동1가,REGION
중동2가,REGION
중앙탑면,REGION
중화1동,REGION
중화2동,REGION
중화민국,REGION
중흥1동,REGION
중흥2동,REGION
중흥3동,REGION
쥐노래미,FISH
지산1동,REGION
지산2동,REGION
지역철도,TRANSPORT
짐바브웨,REGION
차가버섯,FOOD
참가자미,FISH
참다랑어,FISH
참치김밥,FOOD
창던지기,SPORTS
창신1동,REGION
창신2동,REGION
창신3동,REGION
채소튀김,FOOD
천호1동,REGION
천호2동,REGION
천호3동,REGION
철산1동,REGION
철산2동,REGION
철산3동,REGION
철산4동,REGION
첨단1동,REGION
첨단2동,REGION
청개구리,ANIMAL
청량리동,REGION
청량리역,REGION
청보리멸,FISH
청양고추,FOOD
청천1동,REGION
청천2동,REGION
체다치즈,FOOD
첼레스타,INSTRUMENT
초고추장,FOOD
초등학교,EDUCATION
초량1동,REGION
초량2동,REGION
초량3동,REGION
초량6동,REGION
초코시럽,FOOD
초코우유,FOOD
초코파이,FOOD
총각김치,FOOD
추풍령면,REGION
충무공동,REGION
충무김밥,FOOD
충무로역,REGION
충정로역,REGION
치아시드,FOOD
치즈버거,FOOD
치킨까스,FOOD
치킨너겟,FOOD
치킨버거,FOOD
치킨텐더,FOOD
칠리새우,FOOD
칠성상어,FISH
침산1동,REGION
침산2동,REGION
침산3동,REGION
카네이션,PLANT
카레가루,FOOD
카스텔라,FOOD
카이스트,EDUCATION
캄보디아,REGION
커스타드,FOOD
커피믹스,FOOD
커피우유,FOOD
케이블카,TRANSPORT
코스모스,PLANT
코카콜라,FOOD
코코넛유,FOOD
콘샐러드,FOOD
콜롬비아,REGION
콩나물국,FOOD
쿠웨이트,REGION
크랜베리,FOOD
크로아상,FOOD
크림스튜,FOOD
크림스프,FOOD
클라리넷,INSTRUMENT
키리바시,REGION
키프로스,REGION
탄산음료,DRINK
탄자니아,REGION
태장1동,REGION
태장2동,REGION
태전1동,REGION
태전2동,REGION
태평1동,REGION
태평2동,REGION
태평3동,REGION
태평4동,REGION
토닉워터,DRINK
튀김가루,FOOD
티라미수,FOOD
파라과이,REGION
파래무침,FOOD
파인애플,FOOD
파키스탄,REGION
파프리카,FOOD
팔곡1동,REGION
팔곡2동,REGION
팽이버섯,FOOD
편백나무,PLANT
평리1동,REGION
평리2동,REGION
평리3동,REGION
평리4동,REGION
평리5동,REGION
평리6동,REGION
평화1동,REGION
평화2동,REGION
포도주스,FOOD
포르투갈,REGION
표고버섯,FOOD
풍납1동,REGION
풍납2동,REGION
풍덕천동,REGION
플라밍고,BIRD
필동1가,REGION
필동2가,REGION
필동3가,REGION
필드하키,SPORTS
하계1동,REGION
하계2동,REGION
하광교동,REGION
하단1동,REGION
하단2동,REGION
하대원동,REGION
하루살이,INSECT
하봉암동,REGION
하사미동,REGION
하사창동,REGION
하산곡동,REGION
하산운동,REGION
하안1동,REGION
하안2동,REGION
하안3동,REGION
하안4동,REGION
하얀국화,PLANT
하월곡동,REGION
하이에나,ANIMAL
하지석동,REGION
학여울역,REGION
학익1동,REGION
학익2동,REGION
한강로동,REGION
한강진역,REGION
한대앞역,REGION
한반도면,REGION
한양대역,REGION
합성1동,REGION
합성2동,REGION
항동1가,REGION
항동2가,REGION
항동3가,REGION
항동4가,REGION
항동5가,REGION
항동6가,REGION
항동7가,REGION
해바라기,PLANT
해운대구,REGION
행당1동,REGION
행당2동,REGION
행신1동,REGION
행신2동,REGION
행신3동,REGION
행주내동,REGION
행주외동,REGION
허난설헌,PERSON
헬리콥터,TRANSPORT
현미녹차,FOOD
형곡1동,REGION
형곡2동,REGION
호계1동,REGION
호계2동,REGION
호계3동,REGION
호랑나비,INSECT
호매실동,REGION
호미곶면,REGION
호박스프,FOOD
호원1동,REGION
호원2동,REGION
홍은1동,REGION
홍은2동,REGION
홍제1동,REGION
홍제2동,REGION
홍제3동,REGION
화곡1동,REGION
화곡2동,REGION
화곡3동,REGION
화곡4동,REGION
화곡6동,REGION
화곡8동,REGION
화곡본동,REGION
화랑대역,REGION
화명1동,REGION
화명2동,REGION
화명3동,REGION
화북1동,REGION
화북2동,REGION
화서1동,REGION
화서2동,REGION
화수2동,REGION
화정1동,REGION
화정2동,REGION
황강달이,FISH
황금1동,REGION
황금2동,REGION
황태강정,FOOD
황태구이,FOOD
회원1동,REGION
회원2동,REGION
회천1동,REGION
회천2동,REGION
회천3동,REGION
회천4동,REGION
효목1동,REGION
효목2동,REGION
효자1동,REGION
효자2동,REGION
효자3동,REGION
효자4동,REGION
효자5동,REGION
훈제오리,FOOD
휘경1동,REGION
휘경2동,REGION
휘핑크림,FOOD
흰살생선,FOOD
히아신스,PLANT
가경동,REGION
가곡동,REGION
가곡면,REGION
가남읍,REGION
가능동,REGION
가대동,REGION
가덕면,REGION
가라데,SPORTS
가락동,REGION
가람동,REGION
가래떡,FOOD
가례면,REGION
가리비,FOOD
가리산,MOUNTAIN
가물치,FISH
가북면,REGION
가사동,REGION
가산동,REGION
가산면,REGION
가수동,REGION
가숭어,FISH
가야동,REGION
가야면,REGION
가야산,MOUNTAIN
가야읍,REGION
가양동,REGION
가양역,REGION
가업동,REGION
가오동,REGION
가은읍,REGION
가음동,REGION
가음면,REGION
가자미,FOOD
가장동,REGION
가재동,REGION
가정동,REGION
가조면,REGION
가좌동,REGION
가주동,REGION
가지산,MOUNTAIN
가창면,REGION
가천동,REGION
가천면,REGION
가평군,REGION
가평읍,REGION
가포동,REGION
가학동,REGION
가현동,REGION
가회동,REGION
가회면,REGION
가흥동,REGION
각남면,REGION
각북면,REGION
각산동,REGION
각화동,REGION
간동면,REGION
간석동,REGION
간석역,REGION
간성읍,REGION
간자장,FOOD
간전면,REGION
갈공동,REGION
갈곶동,REGION
갈마동,REGION
갈말읍,REGION
갈매기,BIRD
갈매동,REGION
갈비탕,FOOD
갈산동,REGION
갈산면,REGION
갈월동,REGION
갈전동,REGION
갈천동,REGION
갈치동,REGION
갈현동,REGION
감곡면,REGION
감문면,REGION
감물면,REGION
감북동,REGION
감비아,REGION
감삼동,REGION
감성돔,FISH
감악산,MOUNTAIN
감이동,REGION
감일동,REGION
감자전,FOOD
감자칩,FOOD
감자탕,FOOD
감전동,REGION
감정동,REGION
감천동,REGION
감천면,REGION
감초차,FOOD
감포읍,REGION
감호동,REGION
갑제동,REGION
갑천면,REGION
갓김치,FOOD
강감찬,PERSON
강경읍,REGION
강구면,REGION
강남구,REGION
강남동,REGION
강남역,REGION
강낭콩,FOOD
강내면,REGION
강동구,REGION
강동동,REGION
강동면,REGION
강동역,REGION
강릉시,REGION
강림면,REGION
강매동,REGION
강문동,REGION
강민수,PERSON
강민호,PERSON
강백호,PERSON
강변역,REGION
강북구,REGION
강산동,REGION
강상면,REGION
강서구,REGION
강서동,REGION
강아지,ANIMAL
강일동,REGION
강정동,REGION
강정호,PERSON
강제동,REGION
강진군,REGION
강진면,REGION
강진읍,REGION
강천면,REGION
강천산,MOUNTAIN
강하면,REGION
강현면,REGION
강화군,REGION
강화읍,REGION
강흥동,REGION
개고기,FOOD
개군면,REGION
개금동,REGION
개나리,PLANT
개령면,REGION
개로왕,PERSON
개롱역,REGION
개복동,REGION
개봉동,REGION
개봉역,REGION
개사동,REGION
개신동,REGION
개운동,REGION
개정동,REGION
개정면,REGION
개진면,REGION
개천면,REGION
개포동,REGION
개화동,REGION
개화역,REGION
갯장어,FISH
거동동,REGION
거류면,REGION
거모동,REGION
거여동,REGION
거여역,REGION
거의동,REGION
거제동,REGION
거제면,REGION
거제시,REGION
거진읍,REGION
거창군,REGION
거창읍,REGION
건건동,REGION
건국동,REGION
건입동,REGION
건지동,REGION
건천읍,REGION
건포도,FOOD
걸산동,REGION
걸포동,REGION
검단동,REGION
검사동,REGION
검산동,REGION
검상동,REGION
검암동,REGION
검은깨,FOOD
검은콩,FOOD
검정콩,FOOD
검정팥,FOOD
겉절이,FOOD
게국지,FOOD
게맛살,FOOD
게살죽,FOOD
겨자잎,FOOD
견과류,FOOD
견소동,REGION
견지동,REGION
결명자,FOOD
결성면,REGION
겸백면,REGION
경덕왕,PERSON
경문왕,PERSON
경산시,REGION
경서동,REGION
경순왕,PERSON
경안동,REGION
경암동,REGION
경운동,REGION
경장동,REGION
경주시,REGION
경천면,REGION
경현동,REGION
경호강,RIVER
경호동,REGION
경화동,REGION
계곡면,REGION
계남면,REGION
계룡면,REGION
계룡산,MOUNTAIN
계룡시,REGION
계림동,REGION
계방산,MOUNTAIN
계북면,REGION
계산동,REGION
계성면,REGION
계수동,REGION
계양구,REGION
계양동,REGION
계화면,REGION
고강동,REGION
고경면,REGION
고구마,FOOD
고군면,REGION
고금면,REGION
고기동,REGION
고남면,REGION
고달면,REGION
고담동,REGION
고대면,REGION
고덕동,REGION
고덕면,REGION
고덕역,REGION
고등동,REGION
고등어,FISH
고랑동,REGION
고령군,REGION
고로면,REGION
고로케,FOOD
고룡동,REGION
고매동,REGION
고명동,REGION
고모동,REGION
고부면,REGION
고북면,REGION
고사동,REGION
고사리,FOOD
고산동,REGION
고산면,REGION
고삼면,REGION
고색동,REGION
고서면,REGION
고성군,REGION
고성동,REGION
고성읍,REGION
고소동,REGION
고수면,REGION
고아읍,REGION
고암동,REGION
고암면,REGION
고양동,REGION
고양시,REGION
고영민,PERSON
고요한,PERSON
고운동,REGION
고읍동,REGION
고잔동,REGION
고잔역,REGION
고재현,PERSON
고전면,REGION
고제면,REGION
고종욱,PERSON
고죽동,REGION
고창군,REGION
고창읍,REGION
고척동,REGION
고천동,REGION
고촌읍,REGION
고추잎,FOOD
고추장,FOOD
고추전,FOOD
고한읍,REGION
고현동,REGION
고현면,REGION
고흥군,REGION
고흥읍,REGION
곡선동,REGION
곡성군,REGION
곡성읍,REGION
곤드레,FOOD
곤명면,REGION
곤양면,REGION
골약동,REGION
곰보빵,FOOD
곰치국,FOOD
공검면,REGION
공근면,REGION
공단동,REGION
공덕동,REGION
공덕면,REGION
공덕역,REGION
공도읍,REGION
공릉동,REGION
공릉역,REGION
공민왕,PERSON
공산동,REGION
공산면,REGION
공성면,REGION
공세동,REGION
공음면,REGION
공작산,MOUNTAIN
공주시,REGION
공촌동,REGION
공평동,REGION
공항동,REGION
공화동,REGION
과교동,REGION
과림동,REGION
과메기,FOOD
과역면,REGION
과원동,REGION
과전동,REGION
과천동,REGION
과천시,REGION
과천역,REGION
과해동,REGION
곽재우,PERSON
곽태휘,PERSON
관고동,REGION
관교동,REGION
관동동,REGION
관문동,REGION
관산동,REGION
관산읍,REGION
관설동,REGION
관수동,REGION
관악구,REGION
관악산,MOUNTAIN
관악역,REGION
관양동,REGION
관음동,REGION
관인면,REGION
관저동,REGION
관정동,REGION
관철동,REGION
관촉동,REGION
관촌면,REGION
관평동,REGION
관훈동,REGION
광덕면,REGION
광덕산,MOUNTAIN
광도면,REGION
광명동,REGION
광명시,REGION
광무동,REGION
광복동,REGION
광사동,REGION
광산구,REGION
광산동,REGION
광석동,REGION
광석면,REGION
광시면,REGION
광안동,REGION
광암동,REGION
광양시,REGION
광양읍,REGION
광영동,REGION
광의면,REGION
광장동,REGION
광적면,REGION
광정동,REGION
광주시,REGION
광진구,REGION
광천동,REGION
광천읍,REGION
광치동,REGION
광탄면,REGION
광평동,REGION
광해군,PERSON
광화동,REGION
광활면,REGION
광희동,REGION
괘법동,REGION
괴곡동,REGION
괴동동,REGION
괴란동,REGION
괴산군,REGION
괴산읍,REGION
괴안동,REGION
괴연동,REGION
괴전동,REGION
괴정동,REGION
교남동,REGION
교대역,REGION
교동면,REGION
교량동,REGION
교문동,REGION
교방동,REGION
교북동,REGION
교산동,REGION
교암동,REGION
교원동,REGION
교촌동,REGION
교하동,REGION
교현동,REGION
구갈동,REGION
구기동,REGION
구기자,FOOD
구도동,REGION
구랑동,REGION
구래동,REGION
구렁이,ANIMAL
구례군,REGION
구례읍,REGION
구로구,REGION
구로동,REGION
구로역,REGION
구룡동,REGION
구룡면,REGION
구리시,REGION
구림면,REGION
구만면,REGION
구미동,REGION
구미시,REGION
구봉산,MOUNTAIN
구산동,REGION
구산면,REGION
구산역,REGION
구서동,REGION
구성동,REGION
구성면,REGION
구소동,REGION
구수동,REGION
구아바,FRUIT
구암동,REGION
구완동,REGION
구운동,REGION
구월동,REGION
구유동,REGION
구의동,REGION
구의역,REGION
구이면,REGION
구일역,REGION
구자철,PERSON
구절판,FOOD
구정동,REGION
구좌읍,REGION
구즉동,REGION
구지면,REGION
구천동,REGION
구천면,REGION
구평동,REGION
구포동,REGION
구항면,REGION
구호동,REGION
구황동,REGION
국우동,REGION
국화차,FOOD
군남면,REGION
군내면,REGION
군동면,REGION
군만두,FOOD
군문동,REGION
군북면,REGION
군산시,REGION
군서면,REGION
군외면,REGION
군위군,REGION
군위읍,REGION
군자동,REGION
군자역,REGION
군포시,REGION
군포역,REGION
굴소스,FOOD
굴짬뽕,FOOD
궁내동,REGION
궁류면,REGION
궁정동,REGION
궁지동,REGION
궁촌동,REGION
권곡동,REGION
권농동,REGION
권선동,REGION
귀곡동,REGION
귀래면,REGION
귀산동,REGION
귀운동,REGION
귀인동,REGION
귀현동,REGION
규암면,REGION
귤주스,FOOD
귤피차,FOOD
귤현동,REGION
그리스,REGION
근남면,REGION
근덕면,REGION
근동면,REGION
근북면,REGION
근산동,REGION
근화동,REGION
근흥면,REGION
금가면,REGION
금강동,REGION
금계동,REGION
금고동,REGION
금곡동,REGION
금곡면,REGION
금과면,REGION
금광동,REGION
금광면,REGION
금구면,REGION
금남면,REGION
금노동,REGION
금당면,REGION
금릉동,REGION
금마면,REGION
금붕동,REGION
금사동,REGION
금사면,REGION
금산군,REGION
금산동,REGION
금산면,REGION
금산읍,REGION
금상동,REGION
금서면,REGION
금석동,REGION
금성동,REGION
금성면,REGION
금수면,REGION
금암동,REGION
금야강,RIVER
금오동,REGION
금오산,MOUNTAIN
금왕읍,REGION
금이동,REGION
금일읍,REGION
금전동,REGION
금정구,REGION
금정동,REGION
금정면,REGION
금정산,MOUNTAIN
금정역,REGION
금지면,REGION
금창동,REGION
금천구,REGION
금천동,REGION
금천면,REGION
금촌동,REGION
금탄동,REGION
금토동,REGION
금학동,REGION
금호동,REGION
금호역,REGION
금호읍,REGION
금화동,REGION
금흥동,REGION
기계면,REGION
기능역,REGION
기러기,BIRD
기린면,REGION
기배동,REGION
기북면,REGION
기산동,REGION
기산면,REGION
기성동,REGION
기성면,REGION
기성용,PERSON
기안동,REGION
기장군,REGION
기장읍,REGION
길곡면,REGION
길동역,REGION
길상면,REGION
길안면,REGION
길음동,REGION
길음역,REGION
김경문,PERSON
김광섭,PERSON
김광현,PERSON
김규식,PERSON
김기태,PERSON
김남일,PERSON
김대중,PERSON
김동주,PERSON
김동진,PERSON
김두한,PERSON
김두현,PERSON
김민우,PERSON
김병지,PERSON
김보경,PERSON
김부식,PERSON
김상식,PERSON
김상옥,PERSON
김선빈,PERSON
김성근,PERSON
김세윤,PERSON
김소월,PERSON
김승규,PERSON
김시민,PERSON
김시습,PERSON
김신욱,PERSON
김영광,PERSON
김영권,PERSON
김영랑,PERSON
김영삼,PERSON
김영철,PERSON
김옥균,PERSON
김용대,PERSON
김유신,PERSON
김유정,PERSON
김자반,FOOD
김재성,PERSON
김정민,PERSON
김정우,PERSON
김정호,PERSON
김제시,REGION
김좌진,PERSON
김주성,PERSON
김주찬,PERSON
김진규,PERSON
김진현,PERSON
김창수,PERSON
김천시,REGION
김치전,FOOD
김칫국,FOOD
김태균,PERSON
김태영,PERSON
김포시,REGION
김해시,REGION
김현수,PERSON
김현우,PERSON
김형일,PERSON
김홍도,PERSON
김화읍,REGION
까나리,FISH
까마귀,BIRD
까치복,FISH
깍두기,FOOD
깐풍기,FOOD
깻잎전,FOOD
꼴뚜기,FOOD
꼼장어,FOOD
꽃게탕,FOOD
꽃새우,FOOD
꽈배기,FOOD
꽹과리,INSTRUMENT
꿩고기,FOOD
끓인죽,FOOD
나산면,REGION
나성동,REGION
나성법,PERSON
나안동,REGION
나우루,REGION
나운동,REGION
나주시,REGION
나지완,PERSON
나포면,REGION
낙동면,REGION
낙민동,REGION
낙상동,REGION
낙서면,REGION
낙안면,REGION
낙양동,REGION
낙원동,REGION
낙월면,REGION
낙지탕,FOOD
낙포동,REGION
난곡동,REGION
난봉동,REGION
난향동,REGION
날치알,FOOD
남곡동,REGION
남교동,REGION
남극해,RIVER
남내동,REGION
남동구,REGION
남문동,REGION
남방동,REGION
남부동,REGION
남부면,REGION
남북동,REGION
남빈동,REGION
남사면,REGION
남산동,REGION
남산면,REGION
남상면,REGION
남선면,REGION
남성동,REGION
남성로,REGION
남성역,REGION
남수단,REGION
남수동,REGION
남양동,REGION
남양면,REGION
남양읍,REGION
남영동,REGION
남영역,REGION
남외동,REGION
남원동,REGION
남원시,REGION
남원읍,REGION
남이면,REGION
남일동,REGION
남일면,REGION
남장동,REGION
남적동,REGION
남정동,REGION
남정면,REGION
남주동,REGION
남중동,REGION
남지동,REGION
남지읍,REGION
남창동,REGION
남천동,REGION
남천면,REGION
남촌동,REGION
남통동,REGION
남평읍,REGION
남포동,REGION
남포면,REGION
남하면,REGION
남학동,REGION
남한강,RIVER
남해군,REGION
남해읍,REGION
남현동,REGION
남화동,REGION
남후면,REGION
낭산면,REGION
낭성면,REGION
낭월동,REGION
내가면,REGION
내곡동,REGION
내남동,REGION
내남면,REGION
내당동,REGION
내덕동,REGION
내도동,REGION
내동면,REGION
내리동,REGION
내방동,REGION
내방역,REGION
내북면,REGION
내산동,REGION
내산면,REGION
내서면,REGION
내서읍,REGION
내손동,REGION
내수동,REGION
내수읍,REGION
내연산,MOUNTAIN
내유동,REGION
내이동,REGION
내일동,REGION
내자동,REGION
내장동,REGION
내장산,MOUNTAIN
내장탕,FOOD
내척동,REGION
내초동,REGION
내촌면,REGION
내탑동,REGION
내항동,REGION
내흥동,REGION
냉림동,REGION
냉천동,REGION
너구리,ANIMAL
노곡동,REGION
노곡면,REGION
노대동,REGION
노동동,REGION
노동면,REGION
노들역,REGION
노래미,FOOD
노룡동,REGION
노변동,REGION
노서동,REGION
노성면,REGION
노송동,REGION
노안면,REGION
노암동,REGION
노원구,REGION
노원동,REGION
노원역,REGION
노은동,REGION
노은면,REGION
노인봉,MOUNTAIN
노포동,REGION
노하동,REGION
노학동,REGION
노형동,REGION
노화읍,REGION
녹두전,FOOD
녹번동,REGION
녹번역,REGION
녹산동,REGION
녹색콩,FOOD
녹양동,REGION
녹양역,REGION
녹전동,REGION
녹전면,REGION
녹천역,REGION
논곡동,REGION
논공읍,REGION
논산시,REGION
논현동,REGION
논현역,REGION
농서동,REGION
농성동,REGION
농소동,REGION
농소면,REGION
농암면,REGION
누룽지,FOOD
누문동,REGION
누상동,REGION
누읍동,REGION
누하동,REGION
눈볼대,FISH
눌차동,REGION
늑도동,REGION
능곡동,REGION
능서면,REGION
능성동,REGION
능성어,FISH
능주면,REGION
능포동,REGION
능현동,REGION
니우에,REGION
니제르,REGION
다가동,REGION
다남동,REGION
다대기,FOOD
다대동,REGION
다도면,REGION
다람쥐,ANIMAL
다방동,REGION
다사읍,REGION
다산동,REGION
다산면,REGION
다수동,REGION
다슬기,FOOD
다시마,FOOD
다시면,REGION
다압면,REGION
다운동,REGION
다율동,REGION
다이빙,SPORTS
다인면,REGION
다정동,REGION
단계동,REGION
단구동,REGION
단대동,REGION
단무지,FOOD
단밀면,REGION
단봉동,REGION
단북면,REGION
단산면,REGION
단성면,REGION
단양군,REGION
단양읍,REGION
단월동,REGION
단월면,REGION
단장면,REGION
단촌면,REGION
단현동,REGION
단호박,FOOD
달걀국,FOOD
달걀찜,FOOD
달마산,MOUNTAIN
달방동,REGION
달산면,REGION
달서구,REGION
달성군,REGION
달성동,REGION
달안동,REGION
달천동,REGION
닭갈비,FOOD
닭강정,FOOD
닭고기,FOOD
닭곰탕,FOOD
닭꼬치,FOOD
닭똥집,FOOD
담산동,REGION
담양군,REGION
담양읍,REGION
당감동,REGION
당나귀,ANIMAL
당리동,REGION
당북동,REGION
당사동,REGION
당산동,REGION
당산역,REGION
당수동,REGION
당왕동,REGION
당인동,REGION
당저동,REGION
당정동,REGION
당정역,REGION
당주동,REGION
당진시,REGION
당하동,REGION
대가면,REGION
대강면,REGION
대곡동,REGION
대곡면,REGION
대곡역,REGION
대광동,REGION
대교동,REGION
대구동,REGION
대구면,REGION
대구알,FOOD
대구찜,FOOD
대구포,FOOD
대기동,REGION
대나무,PLANT
대내동,REGION
대대동,REGION
대덕구,REGION
대덕동,REGION
대덕면,REGION
대덕읍,REGION
대도동,REGION
대동강,RIVER
대동면,REGION
대둔산,MOUNTAIN
대랑동,REGION
대령강,RIVER
대룡동,REGION
대륜동,REGION
대림동,REGION
대림역,REGION
대마면,REGION
대명동,REGION
대모산,MOUNTAIN
대문어,FOOD
대방동,REGION
대방역,REGION
대별동,REGION
대병면,REGION
대봉동,REGION
대사동,REGION
대산동,REGION
대산면,REGION
대산읍,REGION
대서면,REGION
대서양,RIVER
대석동,REGION
대성동,REGION
대소면,REGION
대송면,REGION
대술면,REGION
대신동,REGION
대신면,REGION
대안동,REGION
대암산,MOUNTAIN
대야동,REGION
대야면,REGION
대야산,MOUNTAIN
대양동,REGION
대양면,REGION
대영동,REGION
대외동,REGION
대원동,REGION
대월면,REGION
대의동,REGION
대의면,REGION
대인동,REGION
대자동,REGION
대잠동,REGION
대장동,REGION
대전동,REGION
대전면,REGION
대정동,REGION
대정읍,REGION
대조동,REGION
대조영,PERSON
대죽동,REGION
대지동,REGION
대지면,REGION
대진동,REGION
대창동,REGION
대창면,REGION
대천동,REGION
대청동,REGION
대청면,REGION
대청역,REGION
대촌동,REGION
대추차,FOOD
대치동,REGION
대치면,REGION
대치역,REGION
대평동,REGION
대평면,REGION
대포동,REGION
대하찜,FOOD
대학교,EDUCATION
대학동,REGION
대합면,REGION
대항동,REGION
대항면,REGION
대현동,REGION
대호동,REGION
대화동,REGION
대화면,REGION
대화역,REGION
대흥동,REGION
대흥면,REGION
대흥역,REGION
덕계동,REGION
덕계역,REGION
덕곡동,REGION
덕곡면,REGION
덕과면,REGION
덕교동,REGION
덕기동,REGION
덕남동,REGION
덕동동,REGION
덕룡산,MOUNTAIN
덕림동,REGION
덕명동,REGION
덕산동,REGION
덕산면,REGION
덕수동,REGION
덕승산,MOUNTAIN
덕암동,REGION
덕월동,REGION
덕유산,MOUNTAIN
덕은동,REGION
덕의동,REGION
덕이동,REGION
덕적면,REGION
덕정동,REGION
덕정역,REGION
덕지동,REGION
덕진동,REGION
덕진면,REGION
덕천동,REGION
덕천면,REGION
덕충동,REGION
덕치면,REGION
덕포동,REGION
덕풍동,REGION
덕항산,MOUNTAIN
덕흥동,REGION
데킬라,DRINK
덴마크,REGION
도가니,FOOD
도개면,REGION
도경동,REGION
도계동,REGION
도계읍,REGION
도고면,REGION
도곡동,REGION
도곡면,REGION
도곡역,REGION
도금동,REGION
도기동,REGION
도남동,REGION
도내동,REGION
도농동,REGION
도다리,FISH
도담동,REGION
도당동,REGION
도덕동,REGION
도덕면,REGION
도도동,REGION
도라지,FOOD
도량동,REGION
도렴동,REGION
도룡동,REGION
도루묵,FISH
도림동,REGION
도마동,REGION
도마뱀,ANIMAL
도만동,REGION
도문동,REGION
도미찜,FOOD
도봉구,REGION
도봉동,REGION
도봉산,MOUNTAIN
도봉역,REGION
도산동,REGION
도산면,REGION
도선동,REGION
도순동,REGION
도안동,REGION
도안면,REGION
도암면,REGION
도양읍,REGION
도원동,REGION
도원역,REGION
도이동,REGION
도일동,REGION
도장동,REGION
도지동,REGION
도창동,REGION
도천동,REGION
도천면,REGION
도초면,REGION
도촌동,REGION
도토리,FOOD
도통동,REGION
도평동,REGION
도포면,REGION
도학동,REGION
도호동,REGION
도화동,REGION
도화면,REGION
도화역,REGION
독곡동,REGION
독산동,REGION
독산역,REGION
독수리,BIRD
돈벌레,INSECT
돈암동,REGION
돈의동,REGION
돌나물,FOOD
돌산읍,REGION
돔배기,FOOD
동강면,REGION
동계면,REGION
동곡동,REGION
동광동,REGION
동교동,REGION
동구동,REGION
동금동,REGION
동내동,REGION
동대동,REGION
동동주,FOOD
동래구,REGION
동량면,REGION
동로면,REGION
동림동,REGION
동막동,REGION
동명동,REGION
동명면,REGION
동명왕,PERSON
동문동,REGION
동방동,REGION
동백동,REGION
동변동,REGION
동복면,REGION
동본동,REGION
동부동,REGION
동부면,REGION
동삭동,REGION
동산동,REGION
동산면,REGION
동삼동,REGION
동상동,REGION
동상면,REGION
동서동,REGION
동선동,REGION
동성동,REGION
동송읍,REGION
동수동,REGION
동숭동,REGION
동악산,MOUNTAIN
동암역,REGION
동양동,REGION
동외동,REGION
동원동,REGION
동이면,REGION
동인동,REGION
동일동,REGION
동일면,REGION
동자개,FISH
동자동,REGION
동작구,REGION
동작동,REGION
동작역,REGION
동점동,REGION
동정동,REGION
동진강,RIVER
동진면,REGION
동천동,REGION
동촌동,REGION
동춘동,REGION
동충동,REGION
동치미,FOOD
동태전,FOOD
동태찜,FOOD
동패동,REGION
동해면,REGION
동해시,REGION
동향면,REGION
동현동,REGION
동호동,REGION
동홍동,REGION
동화동,REGION
동화면,REGION
동회동,REGION
된장국,FOOD
두곡동,REGION
두구동,REGION
두꺼비,ANIMAL
두대동,REGION
두더지,ANIMAL
두루미,BIRD
두류동,REGION
두륜산,MOUNTAIN
두리안,FRUIT
두마면,REGION
두만강,RIVER
두모동,REGION
두부전,FOOD
두산동,REGION
두암동,REGION
두왕동,REGION
두원면,REGION
두정동,REGION
두정역,REGION
두척동,REGION
두촌면,REGION
두타산,MOUNTAIN
두학동,REGION
두호동,REGION
둑실동,REGION
둔곡동,REGION
둔내면,REGION
둔대동,REGION
둔덕동,REGION
둔덕면,REGION
둔산동,REGION
둔율동,REGION
둔전동,REGION
둔촌동,REGION
둔포면,REGION
뒷고기,FOOD
득량동,REGION
득량면,REGION
득산동,REGION
들기름,FOOD
등봉동,REGION
등임동,REGION
등촌동,REGION
등촌역,REGION
등화동,REGION
딸기잼,FOOD
떡갈비,FOOD
떡볶이,FOOD
뚝섬역,REGION
라벤다,FOOD
라볶이,FOOD
라오스,REGION
라조기,FOOD
라켓볼,SPORTS
러시아,REGION
레몬물,FOOD
레바논,REGION
레반테,SPORTS_TEAM
레소토,REGION
레스터,SPORTS_TEAM
레슬링,SPORTS
렌틸콩,FOOD
류중일,PERSON
류현진,PERSON
르완다,REGION
리무진,TRANSPORT
리버풀,SPORTS_TEAM
리비아,REGION
리프트,TRANSPORT
마가린,FOOD
마곡동,REGION
마곡역,REGION
마늘빵,FOOD
마늘종,FOOD
마늘쫑,FOOD
마니산,MOUNTAIN
마달동,REGION
마도동,REGION
마도면,REGION
마두동,REGION
마두역,REGION
마들역,REGION
마라톤,SPORTS
마량면,REGION
마령면,REGION
마로면,REGION
마륵동,REGION
마리면,REGION
마림바,INSTRUMENT
마북동,REGION
마산동,REGION
마산면,REGION
마서면,REGION
마성면,REGION
마암면,REGION
마이산,MOUNTAIN
마장동,REGION
마장면,REGION
마장역,REGION
마전동,REGION
마천동,REGION
마천면,REGION
마천역,REGION
마카오,REGION
마평동,REGION
마포구,REGION
마포동,REGION
마포역,REGION
막걸리,DRINK
막계동,REGION
막국수,FOOD
만경강,RIVER
만경읍,REGION
만년동,REGION
만덕동,REGION
만둣국,FOOD
만산동,REGION
만석동,REGION
만성동,REGION
만송동,REGION
만수동,REGION
만우동,REGION
만촌동,REGION
만호동,REGION
만흥동,REGION
말라위,REGION
말쥐치,FISH
맛다시,FOOD
맛조개,FOOD
망경동,REGION
망둥어,FOOD
망미동,REGION
망상동,REGION
망상어,FISH
망성면,REGION
망아지,ANIMAL
망우동,REGION
망우초,FOOD
망운면,REGION
망원동,REGION
망원역,REGION
망월동,REGION
망정동,REGION
망제동,REGION
망포동,REGION
매곡동,REGION
매곡면,REGION
매교동,REGION
매노동,REGION
매룡동,REGION
매봉산,MOUNTAIN
매봉역,REGION
매산동,REGION
매생이,FOOD
매송면,REGION
매실주,FOOD
매암동,REGION
매여동,REGION
매운탕,FOOD
매월동,REGION
매전면,REGION
매천동,REGION
매탄동,REGION
매포읍,REGION
매향동,REGION
매호동,REGION
매화동,REGION
매화면,REGION
맥금동,REGION
맥문동,FOOD
맹동면,REGION
먹골역,REGION
먹장어,FISH
메뚜기,INSECT
메밀떡,FOOD
메밀묵,FOOD
메밀차,FOOD
멕시코,REGION
멱곡동,REGION
면목동,REGION
면목역,REGION
면천면,REGION
명곡동,REGION
명덕동,REGION
명도동,REGION
명동역,REGION
명란젓,FOOD
명륜동,REGION
명법동,REGION
명산동,REGION
명서동,REGION
명석면,REGION
명성산,MOUNTAIN
명암동,REGION
명일동,REGION
명일역,REGION
명장동,REGION
명정동,REGION
명주동,REGION
명지동,REGION
명지산,MOUNTAIN
명천동,REGION
명촌동,REGION
명태포,FOOD
명학역,REGION
명호면,REGION
명화동,REGION
모가면,REGION
모곡동,REGION
모과차,FOOD
모나코,REGION
모닝빵,FOOD
모동면,REGION
모라동,REGION
모란역,REGION
모로코,REGION
모산동,REGION
모서면,REGION
모악산,MOUNTAIN
모암동,REGION
모전동,REGION
모종동,REGION
모충동,REGION
모카빵,FOOD
목1동,REGION
목2동,REGION
목3동,REGION
목4동,REGION
목5동,REGION
목감동,REGION
목내동,REGION
목달동,REGION
목동동,REGION
목동역,REGION
목벌동,REGION
목상동,REGION
목성동,REGION
목원동,REGION
목천동,REGION
목천읍,REGION
목캔디,FOOD
목포시,REGION
목행동,REGION
목현동,REGION
몰도바,REGION
몰디브,REGION
몽탄면,REGION
묘도동,REGION
묘량면,REGION
묘산면,REGION
무거동,REGION
무계동,REGION
무교동,REGION
무궁화,PLANT
무나물,FOOD
무등산,MOUNTAIN
무룡동,REGION
무릉동,REGION
무생채,FOOD
무송동,REGION
무수동,REGION
무실동,REGION
무악동,REGION
무악산,MOUNTAIN
무안군,REGION
무안동,REGION
무안면,REGION
무안읍,REGION
무양동,REGION
무을면,REGION
무의동,REGION
무장면,REGION
무전동,REGION
무절임,FOOD
무정면,REGION
무주군,REGION
무주읍,REGION
무풍면,REGION
무학동,REGION
무화과,FOOD
묵1동,REGION
묵2동,REGION
묵국수,FOOD
묵정동,REGION
묵호동,REGION
문경시,REGION
문경읍,REGION
문곡동,REGION
문광면,REGION
문내동,REGION
문내면,REGION
문당동,REGION
문덕면,REGION
문동동,REGION
문래동,REGION
문래역,REGION
문막읍,REGION
문무왕,PERSON
문발동,REGION
문배동,REGION
문백면,REGION
문봉동,REGION
문산면,REGION
문산읍,REGION
문선민,PERSON
문성동,REGION
문수동,REGION
문수면,REGION
문암동,REGION
문외동,REGION
문원동,REGION
문의면,REGION
문익점,PERSON
문정동,REGION
문정역,REGION
문지동,REGION
문창동,REGION
문척면,REGION
문평동,REGION
문평면,REGION
문학동,REGION
문화동,REGION
문흥동,REGION
물금읍,REGION
물냉면,FOOD
물만두,FOOD
물야면,REGION
물왕동,REGION
물장군,INSECT
물총새,BIRD
미곡동,REGION
미근동,REGION
미나리,FOOD
미대동,REGION
미더덕,FOOD
미력면,REGION
미로면,REGION
미룡동,REGION
미륵산,MOUNTAIN
미사동,REGION
미산동,REGION
미산면,REGION
미성동,REGION
미수동,REGION
미아동,REGION
미아역,REGION
미암면,REGION
미얀마,REGION
미양면,REGION
미역국,FOOD
미원동,REGION
미원면,REGION
미음동,REGION
미장동,REGION
미조면,REGION
미천면,REGION
미탄면,REGION
미트볼,FOOD
미평동,REGION
미포동,REGION
미호동,REGION
민들레,FOOD
민락동,REGION
민병헌,PERSON
민어찜,FOOD
민어회,FOOD
민영환,PERSON
밀가루,FOOD
밀양강,RIVER
밀양시,REGION
바나나,FOOD
바래봉,MOUNTAIN
바레인,REGION
바지락,FOOD
바하마,REGION
박건우,PERSON
박달동,REGION
박문수,PERSON
박병호,PERSON
박석민,PERSON
박세혁,PERSON
박용택,PERSON
박월동,REGION
박종우,PERSON
박주영,PERSON
박주호,PERSON
박지민,PERSON
박지성,PERSON
박진만,PERSON
박찬호,PERSON
박촌동,REGION
박태준,PERSON
박호동,REGION
반계동,REGION
반곡동,REGION
반구동,REGION
반남면,REGION
반림동,REGION
반석동,REGION
반송동,REGION
반여동,REGION
반월동,REGION
반월역,REGION
반정동,REGION
반죽동,REGION
반지동,REGION
반포동,REGION
반포면,REGION
반포역,REGION
반한이,PERSON
발산역,REGION
발한동,REGION
발화동,REGION
밥버거,FOOD
방교동,REGION
방림동,REGION
방림면,REGION
방배동,REGION
방배역,REGION
방산동,REGION
방산면,REGION
방서동,REGION
방어동,REGION
방울뱀,ANIMAL
방이동,REGION
방이역,REGION
방장산,MOUNTAIN
방정환,PERSON
방촌동,REGION
방축동,REGION
방태산,MOUNTAIN
방풍죽,FOOD
방학동,REGION
방학역,REGION
방현동,REGION
방화동,REGION
방화역,REGION
배미동,REGION
배반동,REGION
배방역,REGION
배방읍,REGION
배양동,REGION
배추전,FOOD
백곡면,REGION
백구면,REGION
백김치,FOOD
백덕산,MOUNTAIN
백두산,MOUNTAIN
백령면,REGION
백미밥,FOOD
백미죽,FOOD
백사면,REGION
백산동,REGION
백산면,REGION
백석동,REGION
백석역,REGION
백석읍,REGION
백설기,FOOD
백수읍,REGION
백안동,REGION
백암산,MOUNTAIN
백옥동,REGION
백운동,REGION
백운면,REGION
백운산,MOUNTAIN
백운역,REGION
백전면,REGION
백지훈,PERSON
백천동,REGION
백학동,REGION
백학면,REGION
백현동,REGION
밴댕이,FISH
뱀장어,FISH
뱅어포,FOOD
버섯전,FOOD
번1동,REGION
번2동,REGION
번3동,REGION
번데기,FOOD
번암면,REGION
벌곡면,REGION
벌교읍,REGION
벌꿀술,DRINK
벌룡동,REGION
벌리동,REGION
벌음동,REGION
범계동,REGION
범계역,REGION
범물동,REGION
범박동,REGION
범방동,REGION
범서읍,REGION
범어동,REGION
범일동,REGION
범전동,REGION
범천동,REGION
법곡동,REGION
법곳동,REGION
법상동,REGION
법성면,REGION
법수면,REGION
법원읍,REGION
법전면,REGION
법환동,REGION
법흥동,REGION
벚나무,PLANT
베리류,FOOD
베이글,FOOD
베이컨,FOOD
베지밀,FOOD
베트남,REGION
베티스,SPORTS_TEAM
벨기에,REGION
벨리즈,REGION
벵에돔,FISH
벽제동,REGION
벽진동,REGION
벽진면,REGION
변산면,REGION
별내동,REGION
별내면,REGION
별량면,REGION
별양동,REGION
병곡면,REGION
병방동,REGION
병산동,REGION
병성동,REGION
병아리,ANIMAL
병어찜,FOOD
병영면,REGION
병점동,REGION
병점역,REGION
병천면,REGION
보개면,REGION
보광동,REGION
보구치,FISH
보길면,REGION
보드카,DRINK
보라동,REGION
보람동,REGION
보령시,REGION
보리밥,FOOD
보리차,FOOD
보목동,REGION
보문동,REGION
보문역,REGION
보산동,REGION
보산역,REGION
보성강,RIVER
보성군,REGION
보성읍,REGION
보수동,REGION
보신탕,FOOD
보안면,REGION
보은군,REGION
보은읍,REGION
보절면,REGION
보정동,REGION
보치아,SPORTS
복내면,REGION
복대동,REGION
복룡동,REGION
복만동,REGION
복분자,FOOD
복산동,REGION
복수동,REGION
복수면,REGION
복숭아,FOOD
복용동,REGION
복정동,REGION
복정역,REGION
복죽동,REGION
복천동,REGION
복현동,REGION
복흥면,REGION
볶음면,FOOD
볶음밥,FOOD
본덕동,REGION
본량동,REGION
본리동,REGION
본머스,SPORTS_TEAM
본성동,REGION
본오동,REGION
본촌동,REGION
봄나물,FOOD
봉강동,REGION
봉강면,REGION
봉개동,REGION
봉계동,REGION
봉곡동,REGION
봉남동,REGION
봉남면,REGION
봉담읍,REGION
봉덕동,REGION
봉동읍,REGION
봉래동,REGION
봉래면,REGION
봉림동,REGION
봉명동,REGION
봉명역,REGION
봉무동,REGION
봉방동,REGION
봉산동,REGION
봉산면,REGION
봉선동,REGION
봉성면,REGION
봉수면,REGION
봉암동,REGION
봉양동,REGION
봉양면,REGION
봉양읍,REGION
봉원동,REGION
봉의동,REGION
봉익동,REGION
봉정동,REGION
봉중근,PERSON
봉천동,REGION
봉천역,REGION
봉평동,REGION
봉평면,REGION
봉현면,REGION
봉화군,REGION
봉화산,MOUNTAIN
봉화읍,REGION
봉황동,REGION
봉황면,REGION
부강면,REGION
부개동,REGION
부개역,REGION
부계면,REGION
부곡동,REGION
부곡면,REGION
부귀면,REGION
부남면,REGION
부대동,REGION
부덕동,REGION
부동면,REGION
부량면,REGION
부론면,REGION
부룬디,REGION
부리면,REGION
부림동,REGION
부림면,REGION
부민동,REGION
부발읍,REGION
부북면,REGION
부사동,REGION
부산동,REGION
부산면,REGION
부석면,REGION
부송동,REGION
부수동,REGION
부시리,FISH
부안군,REGION
부안면,REGION
부안읍,REGION
부암동,REGION
부여군,REGION
부여읍,REGION
부원동,REGION
부적면,REGION
부전동,REGION
부주동,REGION
부창동,REGION
부천시,REGION
부천역,REGION
부추전,FOOD
부춘동,REGION
부침개,FOOD
부평구,REGION
부평동,REGION
부평역,REGION
부항면,REGION
부흥동,REGION
북교동,REGION
북군동,REGION
북극해,RIVER
북내동,REGION
북내면,REGION
북도면,REGION
북문동,REGION
북방면,REGION
북변동,REGION
북부동,REGION
북산동,REGION
북삼동,REGION
북삼읍,REGION
북상면,REGION
북수동,REGION
북신동,REGION
북안면,REGION
북어국,FOOD
북어포,FOOD
북이면,REGION
북일면,REGION
북정동,REGION
북창동,REGION
북천면,REGION
북평동,REGION
북평면,REGION
북하면,REGION
북한강,RIVER
북한동,REGION
북한산,MOUNTAIN
북항동,REGION
북후면,REGION
분당동,REGION
분평동,REGION
불갑면,REGION
불갑산,MOUNTAIN
불고기,FOOD
불광동,REGION
불광역,REGION
불당동,REGION
불로동,REGION
불볼락,FISH
불암동,REGION
불암산,MOUNTAIN
불은면,REGION
불정동,REGION
불정면,REGION
불현동,REGION
붉바리,FISH
붕장어,FISH
브라질,REGION
브랜디,DRINK
비금면,REGION
비래동,REGION
비룡동,REGION
비봉동,REGION
비봉면,REGION
비빔밥,FOOD
비산동,REGION
비스킷,FOOD
비슬산,MOUNTAIN
비아동,REGION
비안면,REGION
비올라,INSTRUMENT
비인면,REGION
비전동,REGION
비지떡,FOOD
비천동,REGION
비트잎,FOOD
비하동,REGION
비행기,TRANSPORT
빈대떡,FOOD
빵가루,FOOD
뻐꾸기,BIRD
뽕나무,PLANT
뽕잎차,FOOD
사간동,REGION
사곡동,REGION
사곡면,REGION
사골국,FOOD
사과잼,FOOD
사근동,REGION
사남면,REGION
사내면,REGION
사노동,REGION
사농동,REGION
사당동,REGION
사당역,REGION
사등동,REGION
사등면,REGION
사량면,REGION
사리면,REGION
사림동,REGION
사마귀,INSECT
사매면,REGION
사모아,REGION
사벌면,REGION
사복동,REGION
사봉면,REGION
사북읍,REGION
사사동,REGION
사상구,REGION
사성동,REGION
사송동,REGION
사수동,REGION
사시미,FOOD
사우동,REGION
사월동,REGION
사음동,REGION
사이다,DRINK
사이클,SPORTS
사일동,REGION
사정동,REGION
사직동,REGION
사창동,REGION
사천동,REGION
사천시,REGION
사천읍,REGION
사파동,REGION
사평역,REGION
사하구,REGION
사호동,REGION
사화동,REGION
산격동,REGION
산곡동,REGION
산남동,REGION
산내면,REGION
산동면,REGION
산딸기,FRUIT
산림동,REGION
산막동,REGION
산방산,MOUNTAIN
산본동,REGION
산본역,REGION
산북동,REGION
산북면,REGION
산서면,REGION
산성동,REGION
산성면,REGION
산성역,REGION
산수동,REGION
산수유,FOOD
산양면,REGION
산양읍,REGION
산외면,REGION
산월동,REGION
산이면,REGION
산인면,REGION
산정동,REGION
산직동,REGION
산척동,REGION
산척면,REGION
산천동,REGION
산천어,FISH
산청군,REGION
산청읍,REGION
산포면,REGION
산하동,REGION
산현동,REGION
산호동,REGION
산황동,REGION
살미면,REGION
삼가면,REGION
삼각동,REGION
삼거동,REGION
삼겹살,FOOD
삼계동,REGION
삼계면,REGION
삼계탕,FOOD
삼괴동,REGION
삼교동,REGION
삼기면,REGION
삼나물,FOOD
삼남동,REGION
삼덕동,REGION
삼도동,REGION
삼동동,REGION
삼동면,REGION
삼락동,REGION
삼례읍,REGION
삼룡동,REGION
삼문동,REGION
삼방동,REGION
삼북동,REGION
삼산동,REGION
삼산면,REGION
삼서면,REGION
삼선동,REGION
삼성동,REGION
삼성면,REGION
삼성산,MOUNTAIN
삼성역,REGION
삼세기,FISH
삼송동,REGION
삼송역,REGION
삼수동,REGION
삼숭동,REGION
삼승면,REGION
삼악산,MOUNTAIN
삼양동,REGION
삼영동,REGION
삼장면,REGION
삼전동,REGION
삼전역,REGION
삼정동,REGION
삼죽면,REGION
삼척시,REGION
삼천동,REGION
삼청동,REGION
삼패동,REGION
삼평동,REGION
삼풍동,REGION
삼학동,REGION
삼향동,REGION
삼향읍,REGION
삼호동,REGION
삼호읍,REGION
삼화동,REGION
삽교읍,REGION
상1동,REGION
상2동,REGION
상3동,REGION
상갈동,REGION
상개동,REGION
상거동,REGION
상계동,REGION
상계역,REGION
상관면,REGION
상남동,REGION
상남면,REGION
상대동,REGION
상덕동,REGION
상도동,REGION
상도역,REGION
상동동,REGION
상동면,REGION
상동역,REGION
상동읍,REGION
상리동,REGION
상리면,REGION
상림동,REGION
상망동,REGION
상매동,REGION
상모동,REGION
상방동,REGION
상복동,REGION
상봉동,REGION
상봉역,REGION
상북면,REGION
상사면,REGION
상서동,REGION
상서면,REGION
상소동,REGION
상수동,REGION
상수역,REGION
상신동,REGION
상아동,REGION
상안동,REGION
상암동,REGION
상야동,REGION
상예동,REGION
상왕동,REGION
상운면,REGION
상원동,REGION
상월면,REGION
상인동,REGION
상일동,REGION
상장동,REGION
상적동,REGION
상전면,REGION
상주면,REGION
상주시,REGION
상줄동,REGION
상촌면,REGION
상패동,REGION
상평동,REGION
상하동,REGION
상하면,REGION
상현동,REGION
상효동,REGION
새롬동,REGION
새솔동,REGION
새우젓,FOOD
새우탕,FOOD
새절역,REGION
색달동,REGION
색장동,REGION
샐러리,FOOD
샛강역,REGION
생강차,FOOD
생곡동,REGION
생극면,REGION
생림면,REGION
생맥주,FOOD
생목동,REGION
생연동,REGION
생용동,REGION
생일면,REGION
생초면,REGION
샤베트,FOOD
샴페인,FOOD
서1동,REGION
서2동,REGION
서3동,REGION
서강동,REGION
서건창,PERSON
서계동,REGION
서곡동,REGION
서교동,REGION
서귀동,REGION
서금동,REGION
서내동,REGION
서대산,MOUNTAIN
서도면,REGION
서둔동,REGION
서랑동,REGION
서리태,FOOD
서린동,REGION
서림동,REGION
서문동,REGION
서변동,REGION
서봉동,REGION
서부동,REGION
서부면,REGION
서산동,REGION
서산시,REGION
서삼면,REGION
서상동,REGION
서상면,REGION
서생면,REGION
서석동,REGION
서석면,REGION
서성동,REGION
서수면,REGION
서신동,REGION
서신면,REGION
서악동,REGION
서암동,REGION
서야동,REGION
서운동,REGION
서운면,REGION
서울역,REGION
서원동,REGION
서원면,REGION
서인동,REGION
서정동,REGION
서종면,REGION
서중동,REGION
서창동,REGION
서천군,REGION
서천동,REGION
서천읍,REGION
서초구,REGION
서초동,REGION
서초역,REGION
서촌동,REGION
서탄면,REGION
서패동,REGION
서포면,REGION
서하면,REGION
서현동,REGION
서호동,REGION
서호면,REGION
서홍동,REGION
서화면,REGION
서후면,REGION
석계역,REGION
석곡동,REGION
석곡면,REGION
석관동,REGION
석교동,REGION
석구동,REGION
석남동,REGION
석남역,REGION
석대동,REGION
석동동,REGION
석림동,REGION
석문면,REGION
석보면,REGION
석봉동,REGION
석사동,REGION
석성면,REGION
석소동,REGION
석수동,REGION
석수역,REGION
석암동,REGION
석왕동,REGION
석우동,REGION
석운동,REGION
석장동,REGION
석적읍,REGION
석전동,REGION
석정동,REGION
석촌동,REGION
석촌역,REGION
석탄동,REGION
석포면,REGION
석현동,REGION
선감동,REGION
선교동,REGION
선구동,REGION
선기동,REGION
선남면,REGION
선단동,REGION
선동열,PERSON
선릉역,REGION
선린동,REGION
선부동,REGION
선산읍,REGION
선암동,REGION
선양동,REGION
선운산,MOUNTAIN
선원동,REGION
선원면,REGION
선유동,REGION
선장면,REGION
선지국,FOOD
선학동,REGION
선화동,REGION
설기현,PERSON
설렁탕,FOOD
설문동,REGION
설성면,REGION
설악동,REGION
설악면,REGION
설악산,MOUNTAIN
설운동,REGION
설천면,REGION
섬진강,RIVER
성거읍,REGION
성건동,REGION
성곡동,REGION
성남동,REGION
성남면,REGION
성남시,REGION
성내동,REGION
성내면,REGION
성당동,REGION
성당면,REGION
성덕동,REGION
성덕면,REGION
성동구,REGION
성동동,REGION
성동면,REGION
성복동,REGION
성북구,REGION
성북동,REGION
성사동,REGION
성산동,REGION
성산면,REGION
성산읍,REGION
성서동,REGION
성석동,REGION
성성동,REGION
성송면,REGION
성수면,REGION
성수역,REGION
성안동,REGION
성암동,REGION
성연면,REGION
성인봉,MOUNTAIN
성전면,REGION
성정동,REGION
성주군,REGION
성주동,REGION
성주면,REGION
성주읍,REGION
성포동,REGION
성하동,REGION
성현동,REGION
성호동,REGION
성화동,REGION
성환역,REGION
성환읍,REGION
성황동,REGION
세곡동,REGION
세교동,REGION
세네갈,REGION
세도면,REGION
세류동,REGION
세류역,REGION
세마동,REGION
세마역,REGION
세비야,SPORTS_TEAM
세이셸,REGION
세종로,REGION
세지면,REGION
세천동,REGION
세하동,REGION
셀러리,FOOD
셰필드,SPORTS_TEAM
소갈비,FOOD
소격동,REGION
소계동,REGION
소고기,FOOD
소곱창,FOOD
소공동,REGION
소나무,PLANT
소담동,REGION
소답동,REGION
소도동,REGION
소라면,REGION
소룡동,REGION
소백산,MOUNTAIN
소보면,REGION
소사동,REGION
소사역,REGION
소성면,REGION
소수면,REGION
소안면,REGION
소양강,RIVER
소양면,REGION
소요동,REGION
소요산,MOUNTAIN
소원면,REGION
소이면,REGION
소정면,REGION
소제동,REGION
소주동,REGION
소천면,REGION
소초면,REGION
소촌동,REGION
소태동,REGION
소태면,REGION
소하동,REGION
소학동,REGION
소호동,REGION
소흘읍,REGION
속달동,REGION
속천동,REGION
속초시,REGION
손곡동,REGION
손병희,PERSON
손불면,REGION
손시헌,PERSON
손양면,REGION
손흥민,PERSON
송강동,REGION
송광면,REGION
송내동,REGION
송내역,REGION
송대동,REGION
송도동,REGION
송동면,REGION
송라면,REGION
송림동,REGION
송산동,REGION
송산면,REGION
송선동,REGION
송승준,PERSON
송아지,ANIMAL
송악면,REGION
송악읍,REGION
송암동,REGION
송월동,REGION
송절동,REGION
송정동,REGION
송정역,REGION
송종국,PERSON
송죽동,REGION
송중동,REGION
송지면,REGION
송진우,PERSON
송창동,REGION
송천동,REGION
송촌동,REGION
송치동,REGION
송탄역,REGION
송파구,REGION
송파동,REGION
송파역,REGION
송포동,REGION
송풍동,REGION
송하동,REGION
송학동,REGION
송학면,REGION
송해면,REGION
송현동,REGION
쇄운동,REGION
쇠고기,FOOD
수가동,REGION
수곡동,REGION
수곡면,REGION
수궁동,REGION
수기동,REGION
수남동,REGION
수내동,REGION
수도동,REGION
수동면,REGION
수락산,MOUNTAIN
수륜면,REGION
수리남,REGION
수리동,REGION
수민동,REGION
수북면,REGION
수비면,REGION
수산동,REGION
수산면,REGION
수상동,REGION
수색동,REGION
수서동,REGION
수서역,REGION
수석동,REGION
수성구,REGION
수성동,REGION
수송동,REGION
수신면,REGION
수안동,REGION
수암동,REGION
수영구,REGION
수영동,REGION
수완동,REGION
수원시,REGION
수원역,REGION
수월동,REGION
수유동,REGION
수유역,REGION
수의동,REGION
수점동,REGION
수정과,DRINK
수정동,REGION
수제비,FOOD
수조기,FISH
수지면,REGION
수진동,REGION
수진역,REGION
수창동,REGION
수청동,REGION
수택동,REGION
수표동,REGION
수하동,REGION
수한면,REGION
숙천동,REGION
순대국,FOOD
순두부,FOOD
순성면,REGION
순창군,REGION
순창읍,REGION
순천시,REGION
순화동,REGION
순흥면,REGION
숭의동,REGION
숭인동,REGION
슈크림,FOOD
스웨덴,REGION
스위스,REGION
스컹크,ANIMAL
스쿼시,SPORTS
스페인,REGION
승주읍,REGION
승촌동,REGION
시곡동,REGION
시금치,FOOD
시기동,REGION
시래동,REGION
시례동,REGION
시루떡,FOOD
시리아,REGION
시리얼,FOOD
시미동,REGION
시전동,REGION
시종면,REGION
시지동,REGION
시천동,REGION
시천면,REGION
시청역,REGION
시초면,REGION
시흥동,REGION
시흥시,REGION
식만동,REGION
식사동,REGION
식정동,REGION
신가동,REGION
신갈동,REGION
신계동,REGION
신곡동,REGION
신관동,REGION
신광면,REGION
신교동,REGION
신기동,REGION
신기면,REGION
신길동,REGION
신길역,REGION
신내동,REGION
신내역,REGION
신녕면,REGION
신니면,REGION
신답역,REGION
신당동,REGION
신당역,REGION
신대동,REGION
신덕동,REGION
신덕면,REGION
신동면,REGION
신동읍,REGION
신둔면,REGION
신등면,REGION
신룡동,REGION
신림동,REGION
신림면,REGION
신림역,REGION
신매동,REGION
신명동,REGION
신무동,REGION
신문동,REGION
신방동,REGION
신백동,REGION
신벽동,REGION
신봉동,REGION
신부동,REGION
신북면,REGION
신북읍,REGION
신불산,MOUNTAIN
신사동,REGION
신사역,REGION
신상동,REGION
신생동,REGION
신서동,REGION
신서면,REGION
신석동,REGION
신설동,REGION
신성동,REGION
신세동,REGION
신수동,REGION
신숙주,PERSON
신안군,REGION
신안동,REGION
신안면,REGION
신암동,REGION
신암면,REGION
신양면,REGION
신영동,REGION
신용동,REGION
신원동,REGION
신원면,REGION
신월동,REGION
신윤복,PERSON
신음동,REGION
신읍동,REGION
신의면,REGION
신인동,REGION
신일동,REGION
신장동,REGION
신전동,REGION
신전면,REGION
신정동,REGION
신정역,REGION
신지면,REGION
신진동,REGION
신창동,REGION
신창면,REGION
신창역,REGION
신천동,REGION
신촌동,REGION
신촌역,REGION
신평동,REGION
신평면,REGION
신포동,REGION
신풍동,REGION
신풍면,REGION
신풍역,REGION
신하동,REGION
신현동,REGION
신호동,REGION
신효동,REGION
신흑동,REGION
신흥동,REGION
신흥역,REGION
실로폰,INSTRUMENT
실안동,REGION
실옥동,REGION
심곡동,REGION
심벌즈,INSTRUMENT
심원면,REGION
심천면,REGION
십정동,REGION
쌀국수,FOOD
쌀조청,FOOD
쌍계동,REGION
쌍교동,REGION
쌍령동,REGION
쌍림동,REGION
쌍림면,REGION
쌍문동,REGION
쌍문역,REGION
쌍백면,REGION
쌍신동,REGION
쌍암동,REGION
쌍용동,REGION
쌍용역,REGION
쌍책면,REGION
쌍촌동,REGION
쌍치면,REGION
쌍화탕,FOOD
쏘가리,FISH
쏨뱅이,FISH
쑤기미,FISH
씀바귀,FOOD
씨앗류,FOOD
아구탕,FOOD
아귀찜,FOOD
아동동,REGION
아름동,REGION
아마씨,FOOD
아몬드,FOOD
아미동,REGION
아산면,REGION
아산시,REGION
아산역,REGION
아스날,SPORTS_TEAM
아양동,REGION
아영면,REGION
아이티,REGION
아주동,REGION
아지동,REGION
아차산,MOUNTAIN
아천동,REGION
아포읍,REGION
아현동,REGION
아현역,REGION
악양면,REGION
안강읍,REGION
안개꽃,PLANT
안계면,REGION
안곡동,REGION
안골동,REGION
안국동,REGION
안국역,REGION
안기동,REGION
안남면,REGION
안내면,REGION
안녕동,REGION
안덕면,REGION
안도라,REGION
안동시,REGION
안락동,REGION
안림동,REGION
안막동,REGION
안면읍,REGION
안민동,REGION
안사면,REGION
안산동,REGION
안산시,REGION
안산역,REGION
안서동,REGION
안성면,REGION
안성시,REGION
안암동,REGION
안암역,REGION
안양동,REGION
안양면,REGION
안양시,REGION
안양역,REGION
안영동,REGION
안용복,PERSON
안의면,REGION
안익태,PERSON
안정면,REGION
안정환,PERSON
안좌면,REGION
안중근,PERSON
안중읍,REGION
안창동,REGION
안창호,PERSON
안천면,REGION
안청동,REGION
안치홍,PERSON
안평면,REGION
안풍동,REGION
안현동,REGION
안흥동,REGION
안흥면,REGION
알로에,FOOD
알사탕,FOOD
알제리,REGION
암곡동,REGION
암남동,REGION
암사동,REGION
암사역,REGION
암태면,REGION
압량면,REGION
압록강,RIVER
압촌동,REGION
압해읍,REGION
앙골라,REGION
앙성면,REGION
애벌레,INSECT
애월읍,REGION
애호박,FOOD
앵곡동,REGION
앵무새,BIRD
야당동,REGION
야동동,REGION
야로면,REGION
야사동,REGION
야음동,REGION
야채빵,FOOD
야탑동,REGION
야흥동,REGION
약대동,REGION
약목면,REGION
약사동,REGION
약산면,REGION
약수동,REGION
약수역,REGION
양감면,REGION
양강면,REGION
양고기,FOOD
양곡동,REGION
양과동,REGION
양구군,REGION
양구읍,REGION
양남면,REGION
양대동,REGION
양덕동,REGION
양도면,REGION
양동면,REGION
양림동,REGION
양미리,FOOD
양배추,FOOD
양보면,REGION
양북면,REGION
양사면,REGION
양산동,REGION
양산면,REGION
양산시,REGION
양상동,REGION
양상추,FOOD
양서면,REGION
양성면,REGION
양송이,FOOD
양양군,REGION
양양읍,REGION
양의지,PERSON
양장피,FOOD
양재동,REGION
양재역,REGION
양전동,REGION
양정동,REGION
양주동,REGION
양주시,REGION
양주역,REGION
양준혁,PERSON
양지동,REGION
양천구,REGION
양천동,REGION
양촌동,REGION
양촌면,REGION
양촌읍,REGION
양평군,REGION
양평동,REGION
양평역,REGION
양평읍,REGION
양포동,REGION
양현종,PERSON
양호동,REGION
양화동,REGION
양화면,REGION
어곡동,REGION
어남동,REGION
어달동,REGION
어둔동,REGION
어란젓,FOOD
어룡동,REGION
어모면,REGION
어물동,REGION
어방동,REGION
어양동,REGION
어은동,REGION
어진동,REGION
어현동,REGION
언남동,REGION
언양읍,REGION
언주역,REGION
언하동,REGION
얼룩말,ANIMAL
엄궁동,REGION
엄다면,REGION
엄사면,REGION
엄원상,PERSON
엄정면,REGION
업성동,REGION
에버튼,SPORTS_TEAM
여객기,TRANSPORT
여남동,REGION
여산면,REGION
여서동,REGION
여수동,REGION
여수시,REGION
여월동,REGION
여의동,REGION
여좌동,REGION
여주시,REGION
여천동,REGION
여항면,REGION
여흥동,REGION
역곡동,REGION
역곡역,REGION
역삼동,REGION
역삼역,REGION
역촌동,REGION
역촌역,REGION
연건동,REGION
연경동,REGION
연급즙,FOOD
연기면,REGION
연남동,REGION
연도동,REGION
연동면,REGION
연등동,REGION
연라동,REGION
연무동,REGION
연무읍,REGION
연산군,PERSON
연산동,REGION
연산면,REGION
연서면,REGION
연수구,REGION
연수동,REGION
연안동,REGION
연암동,REGION
연양동,REGION
연원동,REGION
연인산,MOUNTAIN
연일읍,REGION
연잎밥,FOOD
연자육,FOOD
연정동,REGION
연제구,REGION
연제동,REGION
연지동,REGION
연천군,REGION
연천읍,REGION
연초면,REGION
연축동,REGION
연평면,REGION
연포탕,FOOD
연풍면,REGION
연향동,REGION
연호동,REGION
연화산,MOUNTAIN
연희동,REGION
염곡동,REGION
염기훈,PERSON
염리동,REGION
염산면,REGION
염창동,REGION
염창역,REGION
염치읍,REGION
염포동,REGION
영강동,REGION
영광군,REGION
영광읍,REGION
영남동,REGION
영남면,REGION
영덕군,REGION
영덕동,REGION
영덕읍,REGION
영도구,REGION
영동군,REGION
영동읍,REGION
영등동,REGION
영랑동,REGION
영북면,REGION
영산강,RIVER
영산동,REGION
영산면,REGION
영서동,REGION
영성동,REGION
영순면,REGION
영신동,REGION
영암군,REGION
영암읍,REGION
영양군,REGION
영양밥,FOOD
영양읍,REGION
영오면,REGION
영운동,REGION
영원면,REGION
영월군,REGION
영월읍,REGION
영인면,REGION
영주동,REGION
영주산,MOUNTAIN
영주시,REGION
영중면,REGION
영천동,REGION
영천시,REGION
영춘면,REGION
영통동,REGION
영파동,REGION
영평동,REGION
영해면,REGION
영현면,REGION
영화동,REGION
영흥면,REGION
예곡동,REGION
예관동,REGION
예래동,REGION
예산군,REGION
예산읍,REGION
예성강,RIVER
예안면,REGION
예장동,REGION
예지동,REGION
예천군,REGION
예천동,REGION
예천읍,REGION
오가면,REGION
오가피,FOOD
오곡동,REGION
오곡면,REGION
오곡밥,FOOD
오골계,FOOD
오금동,REGION
오금역,REGION
오남동,REGION
오남읍,REGION
오대동,REGION
오대산,MOUNTAIN
오도동,REGION
오동동,REGION
오등동,REGION
오량동,REGION
오렌지,FOOD
오룡동,REGION
오류동,REGION
오륜동,REGION
오르간,INSTRUMENT
오리알,FOOD
오리탕,FOOD
오림동,REGION
오미동,REGION
오미자,FOOD
오반석,PERSON
오범석,PERSON
오봉산,MOUNTAIN
오부면,REGION
오분동,REGION
오사동,REGION
오산동,REGION
오산면,REGION
오산시,REGION
오산역,REGION
오서산,MOUNTAIN
오선동,REGION
오성면,REGION
오세훈,PERSON
오송읍,REGION
오쇠동,REGION
오수동,REGION
오수면,REGION
오승환,PERSON
오야동,REGION
오운동,REGION
오이즙,FOOD
오이지,FOOD
오장동,REGION
오전동,REGION
오정동,REGION
오창읍,REGION
오천동,REGION
오천면,REGION
오천읍,REGION
오치동,REGION
오태동,REGION
오트밀,FOOD
오포읍,REGION
오학동,REGION
옥계동,REGION
옥곡동,REGION
옥곡면,REGION
옥과면,REGION
옥교동,REGION
옥구읍,REGION
옥길동,REGION
옥도면,REGION
옥련동,REGION
옥룡동,REGION
옥룡면,REGION
옥봉동,REGION
옥산동,REGION
옥산면,REGION
옥서면,REGION
옥성면,REGION
옥수동,REGION
옥수수,FOOD
옥수역,REGION
옥암동,REGION
옥야동,REGION
옥인동,REGION
옥정동,REGION
옥종면,REGION
옥천군,REGION
옥천동,REGION
옥천면,REGION
옥천읍,REGION
옥포동,REGION
옥포면,REGION
온금동,REGION
온산읍,REGION
온석동,REGION
온수동,REGION
온수역,REGION
온양읍,REGION
온의동,REGION
온정면,REGION
온조왕,PERSON
온천동,REGION
올빼미,BIRD
올챙이,ANIMAL
옴천면,REGION
옹동면,REGION
옹진군,REGION
와동동,REGION
와룡동,REGION
와룡면,REGION
와부읍,REGION
와촌동,REGION
와촌면,REGION
완도군,REGION
완도읍,REGION
완두콩,FOOD
완산동,REGION
완암동,REGION
완월동,REGION
완전동,REGION
완주군,REGION
왓포드,SPORTS_TEAM
왕갈비,FOOD
왕곡동,REGION
왕곡면,REGION
왕궁면,REGION
왕길동,REGION
왕암동,REGION
왕정동,REGION
왕지동,REGION
왕징면,REGION
왜가리,BIRD
왜관읍,REGION
외남동,REGION
외남면,REGION
외답동,REGION
외동읍,REGION
외북동,REGION
외산면,REGION
외삼동,REGION
외서면,REGION
외평동,REGION
외하동,REGION
외황강,RIVER
요거트,FOOD
요기동,REGION
요르단,REGION
요선동,REGION
요암동,REGION
요촌동,REGION
욕지면,REGION
용강동,REGION
용계동,REGION
용곡동,REGION
용관동,REGION
용남면,REGION
용담동,REGION
용담면,REGION
용답동,REGION
용답역,REGION
용당동,REGION
용덕동,REGION
용덕면,REGION
용동면,REGION
용두동,REGION
용두역,REGION
용문동,REGION
용문면,REGION
용방면,REGION
용복동,REGION
용봉동,REGION
용봉산,MOUNTAIN
용산구,REGION
용산동,REGION
용산면,REGION
용산역,REGION
용상동,REGION
용성면,REGION
용수동,REGION
용신동,REGION
용안면,REGION
용암동,REGION
용암면,REGION
용연동,REGION
용왕산,MOUNTAIN
용운동,REGION
용원동,REGION
용이동,REGION
용인시,REGION
용잠동,REGION
용전동,REGION
용정동,REGION
용제동,REGION
용종동,REGION
용주면,REGION
용지동,REGION
용지면,REGION
용진읍,REGION
용촌동,REGION
용탄동,REGION
용평동,REGION
용평면,REGION
용해동,REGION
용현동,REGION
용현면,REGION
용호동,REGION
용화동,REGION
용화면,REGION
용화산,MOUNTAIN
용흥동,REGION
우1동,REGION
우2동,REGION
우3동,REGION
우간다,REGION
우강면,REGION
우곡면,REGION
우도면,REGION
우두동,REGION
우둔살,FOOD
우롱차,FOOD
우만동,REGION
우면동,REGION
우명동,REGION
우보면,REGION
우산동,REGION
우성면,REGION
우암동,REGION
우엉씨,FOOD
우이동,REGION
우정동,REGION
우정읍,REGION
우지동,REGION
우천면,REGION
우현동,REGION
욱수동,REGION
운곡동,REGION
운곡면,REGION
운교동,REGION
운남동,REGION
운남면,REGION
운니동,REGION
운동동,REGION
운림동,REGION
운문면,REGION
운문산,MOUNTAIN
운봉읍,REGION
운북동,REGION
운산동,REGION
운산면,REGION
운서동,REGION
운수동,REGION
운수면,REGION
운악산,MOUNTAIN
운안동,REGION
운암동,REGION
운암면,REGION
운양동,REGION
운연동,REGION
운장산,MOUNTAIN
운정동,REGION
운주면,REGION
운중동,REGION
운천동,REGION
운흥동,REGION
울릉군,REGION
울릉읍,REGION
울주군,REGION
울진군,REGION
울진읍,REGION
웅남동,REGION
웅양면,REGION
웅진동,REGION
웅천동,REGION
웅천읍,REGION
웅치면,REGION
웅포면,REGION
원곡동,REGION
원곡면,REGION
원남동,REGION
원남면,REGION
원내동,REGION
원당동,REGION
원당역,REGION
원대동,REGION
원덕읍,REGION
원동면,REGION
원문동,REGION
원미동,REGION
원북면,REGION
원산동,REGION
원서동,REGION
원성동,REGION
원숭이,ANIMAL
원시동,REGION
원신동,REGION
원인동,REGION
원정동,REGION
원종동,REGION
원주시,REGION
원지동,REGION
원창동,REGION
원천동,REGION
원촌동,REGION
원추리,FOOD
원평동,REGION
원포동,REGION
원흥동,REGION
원흥역,REGION
월계동,REGION
월계역,REGION
월곡동,REGION
월곡역,REGION
월곶동,REGION
월남동,REGION
월내동,REGION
월등면,REGION
월락동,REGION
월롱면,REGION
월림동,REGION
월명동,REGION
월미동,REGION
월봉동,REGION
월산동,REGION
월산면,REGION
월성동,REGION
월송동,REGION
월암동,REGION
월야면,REGION
월영동,REGION
월오동,REGION
월전동,REGION
월출동,REGION
월출산,MOUNTAIN
월평동,REGION
월포동,REGION
월피동,REGION
월하동,REGION
월항면,REGION
웨일즈,REGION
웨하스,FOOD
위도면,REGION
위례동,REGION
위스키,DRINK
위천면,REGION
유가읍,REGION
유계동,REGION
유곡동,REGION
유곡면,REGION
유관순,PERSON
유구읍,REGION
유달동,REGION
유등면,REGION
유량동,REGION
유록동,REGION
유림동,REGION
유림면,REGION
유명산,MOUNTAIN
유산균,FOOD
유산동,REGION
유상철,PERSON
유성구,REGION
유성룡,PERSON
유양동,REGION
유어면,REGION
유자차,FOOD
유천동,REGION
유촌동,REGION
유치면,REGION
유치원,EDUCATION
유하동,REGION
유한준,PERSON
유희관,PERSON
육개장,FOOD
윤동주,PERSON
윤봉길,PERSON
윤석민,PERSON
윤석영,PERSON
윤영선,PERSON
윤정환,PERSON
윤직동,REGION
율곡동,REGION
율곡면,REGION
율도동,REGION
율량동,REGION
율목동,REGION
율무차,FOOD
율세동,REGION
율암동,REGION
율어면,REGION
율전동,REGION
율정동,REGION
율촌면,REGION
율하동,REGION
율현동,REGION
은계동,REGION
은기동,REGION
은산면,REGION
은진면,REGION
은천동,REGION
은평구,REGION
은하면,REGION
은행동,REGION
은현면,REGION
을왕동,REGION
음봉면,REGION
음성군,REGION
음성읍,REGION
음암면,REGION
읍내동,REGION
읍상동,REGION
읍중동,REGION
응달동,REGION
응명동,REGION
응봉동,REGION
응봉면,REGION
응봉산,MOUNTAIN
응암동,REGION
응암역,REGION
의당면,REGION
의령군,REGION
의령읍,REGION
의림동,REGION
의성군,REGION
의성읍,REGION
의신면,REGION
의왕시,REGION
의왕역,REGION
의자왕,PERSON
의창동,REGION
의흥면,REGION
이강인,PERSON
이곡동,REGION
이광연,PERSON
이규혁,PERSON
이근호,PERSON
이금동,REGION
이기동,REGION
이대역,REGION
이대은,PERSON
이대호,PERSON
이도동,REGION
이동국,PERSON
이동면,REGION
이라크,REGION
이로동,REGION
이매동,REGION
이목동,REGION
이문동,REGION
이민성,PERSON
이방면,REGION
이백면,REGION
이범영,PERSON
이병규,PERSON
이봉창,PERSON
이사동,REGION
이사부,PERSON
이산면,REGION
이상설,PERSON
이상준,PERSON
이서면,REGION
이성계,PERSON
이수역,REGION
이순신,PERSON
이승렬,PERSON
이승만,PERSON
이승엽,PERSON
이승우,PERSON
이승훈,PERSON
이안면,REGION
이양면,REGION
이영표,PERSON
이완용,PERSON
이용규,PERSON
이운재,PERSON
이원면,REGION
이월면,REGION
이육사,PERSON
이율곡,PERSON
이을용,PERSON
이의동,REGION
이인면,REGION
이장동,REGION
이재성,PERSON
이재원,PERSON
이재익,PERSON
이정수,PERSON
이종범,PERSON
이중섭,PERSON
이지솔,PERSON
이집트,REGION
이창동,REGION
이천동,REGION
이천수,PERSON
이천시,REGION
이청용,PERSON
이촌동,REGION
이촌역,REGION
이충동,REGION
이패동,REGION
이평면,REGION
이현동,REGION
이홀동,REGION
이화동,REGION
이화주,FOOD
익산시,REGION
익선동,REGION
인계동,REGION
인계면,REGION
인교동,REGION
인덕동,REGION
인도양,RIVER
인동동,REGION
인봉동,REGION
인사동,REGION
인삼차,FOOD
인수동,REGION
인왕동,REGION
인왕산,MOUNTAIN
인월동,REGION
인월면,REGION
인의동,REGION
인절미,FOOD
인제군,REGION
인제동,REGION
인제읍,REGION
인주면,REGION
인지동,REGION
인지면,REGION
인창동,REGION
인천역,REGION
인평동,REGION
인헌동,REGION
인현동,REGION
일곡동,REGION
일광면,REGION
일동면,REGION
일로읍,REGION
일봉동,REGION
일산동,REGION
일신동,REGION
일운면,REGION
일원동,REGION
일원역,REGION
일월동,REGION
일월면,REGION
일죽면,REGION
일직동,REGION
일직면,REGION
일패동,REGION
임고면,REGION
임곡동,REGION
임남면,REGION
임당동,REGION
임동면,REGION
임상동,REGION
임수동,REGION
임실군,REGION
임실읍,REGION
임암동,REGION
임오동,REGION
임은동,REGION
임자면,REGION
임진강,RIVER
임천면,REGION
임피면,REGION
임하면,REGION
임학동,REGION
임회면,REGION
입북동,REGION
입석동,REGION
입암동,REGION
입암면,REGION
입장면,REGION
입정동,REGION
자곡동,REGION
자금동,REGION
자리돔,FISH
자바리,FISH
자산동,REGION
자소엽,FOOD
자양동,REGION
자양면,REGION
자운동,REGION
자원동,REGION
자월면,REGION
자은동,REGION
자은면,REGION
자인면,REGION
자일동,REGION
자작동,REGION
자장밥,FOOD
자전거,TRANSPORT
작산동,REGION
작은북,INSTRUMENT
작전동,REGION
작천면,REGION
잠비아,REGION
잠실동,REGION
잠실역,REGION
잠원동,REGION
잠원역,REGION
잠자리,INSECT
잠홍동,REGION
잡곡류,FOOD
잡곡밥,FOOD
잡채밥,FOOD
잡탕밥,FOOD
잡화꿀,FOOD
장갱이,FISH
장계면,REGION
장곡동,REGION
장곡면,REGION
장관동,REGION
장교동,REGION
장군면,REGION
장기동,REGION
장기면,REGION
장남면,REGION
장단면,REGION
장당동,REGION
장대동,REGION
장덕동,REGION
장동면,REGION
장등동,REGION
장락동,REGION
장록동,REGION
장림동,REGION
장마면,REGION
장명동,REGION
장목면,REGION
장미동,REGION
장보고,PERSON
장사동,REGION
장산면,REGION
장상동,REGION
장성군,REGION
장성동,REGION
장성읍,REGION
장수군,REGION
장수동,REGION
장수면,REGION
장수읍,REGION
장아찌,FOOD
장안동,REGION
장안면,REGION
장안산,MOUNTAIN
장안읍,REGION
장암동,REGION
장암면,REGION
장암역,REGION
장어탕,FOOD
장연면,REGION
장영실,PERSON
장원삼,PERSON
장원준,PERSON
장위동,REGION
장유동,REGION
장재동,REGION
장전동,REGION
장조림,FOOD
장존동,REGION
장지동,REGION
장지역,REGION
장지연,PERSON
장척동,REGION
장천동,REGION
장천면,REGION
장충동,REGION
장평동,REGION
장평면,REGION
장하동,REGION
장항동,REGION
장항읍,REGION
장현동,REGION
장현수,PERSON
장화동,REGION
장흥군,REGION
장흥동,REGION
장흥면,REGION
장흥읍,REGION
장희빈,PERSON
재궁동,REGION
재령강,RIVER
재산면,REGION
재송동,REGION
재약산,MOUNTAIN
저전동,REGION
적각동,REGION
적노동,REGION
적량동,REGION
적량면,REGION
적상면,REGION
적상산,MOUNTAIN
적상추,FOOD
적서동,REGION
적선동,REGION
적성면,REGION
적중면,REGION
적현동,REGION
전갱이,FISH
전곡읍,REGION
전농동,REGION
전동면,REGION
전두환,PERSON
전민동,REGION
전복죽,FOOD
전복탕,FOOD
전봉준,PERSON
전세진,PERSON
전의면,REGION
전주시,REGION
전포동,REGION
전하동,REGION
점곡면,REGION
점동면,REGION
점봉동,REGION
점봉산,MOUNTAIN
점암면,REGION
점양동,REGION
점촌동,REGION
정경호,PERSON
정곡면,REGION
정관읍,REGION
정근우,PERSON
정남면,REGION
정대현,PERSON
정도전,PERSON
정동면,REGION
정라동,REGION
정량동,REGION
정릉동,REGION
정림동,REGION
정명훈,PERSON
정몽주,PERSON
정미면,REGION
정방동,REGION
정봉동,REGION
정북동,REGION
정산면,REGION
정상동,REGION
정생동,REGION
정선군,REGION
정선읍,REGION
정성룡,PERSON
정성훈,PERSON
정수빈,PERSON
정승현,PERSON
정안면,REGION
정약용,PERSON
정어리,FOOD
정왕동,REGION
정왕역,REGION
정우면,REGION
정우영,PERSON
정읍시,REGION
정자동,REGION
정족동,REGION
정천면,REGION
정촌면,REGION
정평동,REGION
정하동,REGION
정호진,PERSON
제기동,REGION
제덕동,REGION
제비꽃,PLANT
제원면,REGION
제월동,REGION
제주시,REGION
제천시,REGION
조개탕,FOOD
조계산,MOUNTAIN
조곡동,REGION
조교동,REGION
조남동,REGION
조도면,REGION
조랑말,ANIMAL
조령산,MOUNTAIN
조례동,REGION
조리읍,REGION
조마면,REGION
조미료,FOOD
조비동,REGION
조산동,REGION
조성면,REGION
조암동,REGION
조야동,REGION
조양동,REGION
조영동,REGION
조영욱,PERSON
조와동,REGION
조용형,PERSON
조원동,REGION
조원희,PERSON
조재진,PERSON
조종면,REGION
조지아,REGION
조천읍,REGION
조촌동,REGION
조탄동,REGION
조현우,PERSON
종각역,REGION
종달새,BIRD
종로구,REGION
종민동,REGION
종암동,REGION
종천면,REGION
종촌동,REGION
종화동,REGION
좌1동,REGION
좌2동,REGION
좌3동,REGION
좌4동,REGION
좌룡동,REGION
좌부동,REGION
좌천동,REGION
주교동,REGION
주교면,REGION
주꾸미,FOOD
주남동,REGION
주덕읍,REGION
주례동,REGION
주먹밥,FOOD
주물럭,FOOD
주미동,REGION
주산동,REGION
주산면,REGION
주삼동,REGION
주상면,REGION
주생면,REGION
주성동,REGION
주세종,PERSON
주안동,REGION
주안역,REGION
주암동,REGION
주암면,REGION
주약동,REGION
주엽동,REGION
주엽역,REGION
주왕산,MOUNTAIN
주월동,REGION
주자동,REGION
주전동,REGION
주중동,REGION
주진동,REGION
주천면,REGION
주촌동,REGION
주촌면,REGION
주포면,REGION
주현동,REGION
주흘산,MOUNTAIN
죽곡동,REGION
죽곡면,REGION
죽교동,REGION
죽도동,REGION
죽동동,REGION
죽림동,REGION
죽백동,REGION
죽변면,REGION
죽산면,REGION
죽성동,REGION
죽왕면,REGION
죽율동,REGION
죽장면,REGION
죽전동,REGION
죽정동,REGION
죽항동,REGION
죽헌동,REGION
줄포면,REGION
중1동,REGION
중2동,REGION
중3동,REGION
중4동,REGION
중계동,REGION
중계역,REGION
중곡동,REGION
중곡역,REGION
중구동,REGION
중군동,REGION
중대동,REGION
중덕동,REGION
중도동,REGION
중동면,REGION
중동역,REGION
중랑구,REGION
중리동,REGION
중림동,REGION
중마동,REGION
중문동,REGION
중방동,REGION
중부동,REGION
중산동,REGION
중성동,REGION
중안동,REGION
중앙동,REGION
중앙역,REGION
중인동,REGION
중촌동,REGION
중평동,REGION
중학교,EDUCATION
중학동,REGION
중화동,REGION
중화역,REGION
중흥동,REGION
증도면,REGION
증미역,REGION
증산동,REGION
증산면,REGION
증산역,REGION
증일동,REGION
증평군,REGION
증평읍,REGION
증포동,REGION
지가동,REGION
지곡동,REGION
지곡면,REGION
지곶동,REGION
지귀동,REGION
지금동,REGION
지내동,REGION
지도읍,REGION
지동동,REGION
지동원,PERSON
지렁이,INSECT
지례면,REGION
지리산,MOUNTAIN
지묘동,REGION
지변동,REGION
지부티,REGION
지북동,REGION
지사동,REGION
지사면,REGION
지산동,REGION
지산면,REGION
지석동,REGION
지수면,REGION
지야동,REGION
지영동,REGION
지저동,REGION
지정동,REGION
지정면,REGION
지제동,REGION
지제역,REGION
지족동,REGION
지좌동,REGION
지죽동,REGION
지천동,REGION
지천면,REGION
지축동,REGION
지축역,REGION
지평동,REGION
지평면,REGION
지품면,REGION
지하철,TRANSPORT
지행동,REGION
지행역,REGION
지현동,REGION
지흥동,REGION
직산역,REGION
직산읍,REGION
진건읍,REGION
진곡동,REGION
진관동,REGION
진교면,REGION
진달래,PLANT
진도군,REGION
진도읍,REGION
진동면,REGION
진드기,INSECT
진량읍,REGION
진례면,REGION
진리동,REGION
진미동,REGION
진보면,REGION
진봉면,REGION
진부면,REGION
진북동,REGION
진북면,REGION
진산동,REGION
진산면,REGION
진상면,REGION
진서면,REGION
진성면,REGION
진안군,REGION
진안동,REGION
진안읍,REGION
진영읍,REGION
진원면,REGION
진월동,REGION
진월면,REGION
진위면,REGION
진위역,REGION
진인동,REGION
진잠동,REGION
진장동,REGION
진전면,REGION
진접읍,REGION
진주시,REGION
진천군,REGION
진천동,REGION
진천읍,REGION
진평동,REGION
진포동,REGION
진현동,REGION
진흥왕,PERSON
질경이,PLANT
집현면,REGION
짜장면,FOOD
짜장밥,FOOD
짬뽕밥,FOOD
짱뚱어,FISH
차두리,PERSON
차암동,REGION
차용동,REGION
차황면,REGION
참기름,FOOD
참깨씨,FOOD
참깨죽,FOOD
참나물,FOOD
참전복,FOOD
참조기,FISH
참치죽,FOOD
찹쌀떡,FOOD
창1동,REGION
창2동,REGION
창3동,REGION
창4동,REGION
창5동,REGION
창곡동,REGION
창구동,REGION
창녕군,REGION
창녕읍,REGION
창동역,REGION
창릉동,REGION
창선동,REGION
창선면,REGION
창성동,REGION
창수면,REGION
창신동,REGION
창신역,REGION
창영동,REGION
창우동,REGION
창원시,REGION
창전동,REGION
창죽동,REGION
창진동,REGION
창천동,REGION
창평동,REGION
창평면,REGION
창포동,REGION
채끝살,FOOD
채신동,REGION
채운동,REGION
채운면,REGION
천거동,REGION
천곡동,REGION
천관산,MOUNTAIN
천군동,REGION
천남동,REGION
천리동,REGION
천마산,MOUNTAIN
천북면,REGION
천선동,REGION
천성동,REGION
천성산,MOUNTAIN
천송동,REGION
천안시,REGION
천안역,REGION
천연동,REGION
천왕동,REGION
천왕역,REGION
천일염,FOOD
천전동,REGION
천지동,REGION
천천동,REGION
천천면,REGION
천현동,REGION
천호동,REGION
천호역,REGION
철마면,REGION
철산동,REGION
철산역,REGION
철암동,REGION
철원군,REGION
철원읍,REGION
청경채,FOOD
청계동,REGION
청계면,REGION
청계산,MOUNTAIN
청구동,REGION
청구역,REGION
청국장,FOOD
청기면,REGION
청남면,REGION
청담동,REGION
청담역,REGION
청당동,REGION
청덕동,REGION
청덕면,REGION
청도군,REGION
청도면,REGION
청도읍,REGION
청라동,REGION
청라면,REGION
청량동,REGION
청량산,MOUNTAIN
청량읍,REGION
청룡동,REGION
청리면,REGION
청림동,REGION
청북읍,REGION
청산면,REGION
청상추,FOOD
청새치,FOOD
청성면,REGION
청소면,REGION
청송군,REGION
청송읍,REGION
청수동,REGION
청안동,REGION
청안면,REGION
청암동,REGION
청암면,REGION
청양군,REGION
청양읍,REGION
청운동,REGION
청운면,REGION
청웅면,REGION
청일면,REGION
청전동,REGION
청주시,REGION
청진동,REGION
청천동,REGION
청천면,REGION
청통면,REGION
청파동,REGION
청평면,REGION
청포묵,FOOD
청풍동,REGION
청풍면,REGION
청하면,REGION
청학동,REGION
청호동,REGION
체부동,REGION
쳄발로,INSTRUMENT
초계면,REGION
초구동,REGION
초당동,REGION
초동면,REGION
초량동,REGION
초롱꽃,PLANT
초사동,REGION
초산동,REGION
초석잠,FOOD
초월읍,REGION
초읍동,REGION
초이동,REGION
초일동,REGION
초장동,REGION
초전동,REGION
초전면,REGION
초지동,REGION
초지역,REGION
초촌면,REGION
초코릿,FOOD
초코바,FOOD
초콜릿,FOOD
초평동,REGION
초평면,REGION
최동원,PERSON
최무선,PERSON
최민수,PERSON
최성용,PERSON
최용수,PERSON
최은성,PERSON
최진철,PERSON
최태욱,PERSON
최형우,PERSON
추목동,REGION
추부면,REGION
추산동,REGION
추신수,PERSON
추암동,REGION
추어탕,FOOD
추월산,MOUNTAIN
추자면,REGION
축동면,REGION
축령산,MOUNTAIN
축산면,REGION
춘궁동,REGION
춘산면,REGION
춘양면,REGION
춘의동,REGION
춘의역,REGION
춘천시,REGION
춘포면,REGION
충무동,REGION
충신동,REGION
충의동,REGION
충인동,REGION
충장동,REGION
충주시,REGION
충현동,REGION
충화면,REGION
충효동,REGION
취나물,FOOD
취암동,REGION
측후동,REGION
치악산,MOUNTAIN
치평동,REGION
칠갑산,MOUNTAIN
칠곡군,REGION
칠곡면,REGION
칠괴동,REGION
칠금동,REGION
칠량면,REGION
칠보면,REGION
칠북면,REGION
칠산동,REGION
칠서면,REGION
칠석동,REGION
칠성동,REGION
칠성면,REGION
칠암동,REGION
칠원동,REGION
칠원읍,REGION
칠전동,REGION
칡뿌리,FOOD
침산동,REGION
카라멜,FOOD
카메룬,REGION
카타르,REGION
칵테일,DRINK
칼국수,FOOD
캐나다,REGION
캐슈넛,FOOD
케이투,MOUNTAIN
케이티,SPORTS_TEAM
코끼리,ANIMAL
코다리,FOOD
코모로,REGION
코뿔소,ANIMAL
코소보,REGION
코코넛,FOOD
코코아,DRINK
콩국수,FOOD
콩기름,FOOD
콩나물,FOOD
콩벌레,INSECT
콩조림,FOOD
퀴노아,FOOD
크랙커,FOOD
크레페,FOOD
크리켓,SPORTS
크림빵,FOOD
크바스,DRINK
키조개,FOOD
킥복싱,SPORTS
타임차,FOOD
탄방동,REGION
탄벌동,REGION
탄부면,REGION
탄산수,DRINK
탄천면,REGION
탄현동,REGION
탄현면,REGION
탈지유,FOOD
탑동동,REGION
탑립동,REGION
탕수육,FOOD
탕정면,REGION
탕평채,FOOD
태권도,SPORTS
태령동,REGION
태백동,REGION
태백산,MOUNTAIN
태백시,REGION
태봉동,REGION
태안군,REGION
태안읍,REGION
태인동,REGION
태인면,REGION
태장동,REGION
태전동,REGION
태평동,REGION
태평양,RIVER
태화강,RIVER
태화동,REGION
태화산,MOUNTAIN
탬버린,INSTRUMENT
테니스,SPORTS
토계동,REGION
토당동,REGION
토란국,FOOD
토마토,FOOD
토성면,REGION
토월동,REGION
토정동,REGION
토종꿀,FOOD
토종닭,FOOD
토지면,REGION
토튼햄,SPORTS_TEAM
토평동,REGION
통곡물,FOOD
통복동,REGION
통신동,REGION
통영시,REGION
통의동,REGION
통인동,REGION
통진읍,REGION
퇴계동,REGION
퇴촌동,REGION
투발루,REGION
튀니지,REGION
트럼펫,INSTRUMENT
트롬본,INSTRUMENT
팀파니,INSTRUMENT
파김치,FOOD
파나마,REGION
파랑새,BIRD
파무침,FOOD
파스타,FOOD
파슬리,FOOD
파장동,REGION
파주시,REGION
파주읍,REGION
파천면,REGION
파파야,FRUIT
파평면,REGION
파호동,REGION
판교동,REGION
판교면,REGION
판문동,REGION
판부면,REGION
판암동,REGION
팔공산,MOUNTAIN
팔금면,REGION
팔달동,REGION
팔덕면,REGION
팔라우,REGION
팔룡동,REGION
팔보채,FOOD
팔봉동,REGION
팔봉면,REGION
팔봉산,MOUNTAIN
팔씨름,SPORTS
팔영산,MOUNTAIN
팔용동,REGION
팔탄면,REGION
팔판동,REGION
팥빙수,FOOD
팥양갱,FOOD
팽성읍,REGION
평거동,REGION
평광동,REGION
평균대,SPORTS
평내동,REGION
평릉동,REGION
평리동,REGION
평림동,REGION
평산동,REGION
평안동,REGION
평여동,REGION
평원동,REGION
평은면,REGION
평전동,REGION
평창강,RIVER
평창군,REGION
평창동,REGION
평창읍,REGION
평촌동,REGION
평촌역,REGION
평택동,REGION
평택시,REGION
평택역,REGION
평해읍,REGION
평화동,REGION
포곡읍,REGION
포남동,REGION
포도잼,FOOD
포도주,DRINK
포두면,REGION
포스텍,EDUCATION
포승읍,REGION
포일동,REGION
포정동,REGION
포천동,REGION
포천시,REGION
포항시,REGION
폴란드,REGION
표선면,REGION
풀망둑,FISH
풋고추,FOOD
풍각면,REGION
풍기동,REGION
풍기읍,REGION
풍남동,REGION
풍납동,REGION
풍덕동,REGION
풍뎅이,INSECT
풍도동,REGION
풍무동,REGION
풍산동,REGION
풍산면,REGION
풍산역,REGION
풍산읍,REGION
풍선껌,FOOD
풍세면,REGION
풍암동,REGION
풍양면,REGION
풍유동,REGION
풍천면,REGION
풍향동,REGION
풍호동,REGION
프랑스,REGION
플루트,INSTRUMENT
피라미,FISH
피아노,INSTRUMENT
피조개,FOOD
피콜로,INSTRUMENT
핀란드,REGION
필리핀,REGION
필운동,REGION
하갈동,REGION
하거동,REGION
하계동,REGION
하계역,REGION
하기동,REGION
하남동,REGION
하남면,REGION
하남시,REGION
하남읍,REGION
하단동,REGION
하당동,REGION
하대동,REGION
하대성,PERSON
하동군,REGION
하동읍,REGION
하망동,REGION
하모동,REGION
하북동,REGION
하북면,REGION
하빈면,REGION
하산동,REGION
하상동,REGION
하서동,REGION
하서면,REGION
하소동,REGION
하안동,REGION
하야동,REGION
하양읍,REGION
하예동,REGION
하원동,REGION
하의면,REGION
하이면,REGION
하일면,REGION
하장면,REGION
하점면,REGION
하정동,REGION
하중동,REGION
하청면,REGION
하촌동,REGION
하효동,REGION
학공치,FISH
학교면,REGION
학동역,REGION
학산동,REGION
학산면,REGION
학성동,REGION
학암동,REGION
학온동,REGION
학용동,REGION
학의동,REGION
학익동,REGION
학잠동,REGION
학장동,REGION
학정동,REGION
학하동,REGION
한경면,REGION
한국영,PERSON
한남동,REGION
한라봉,FOOD
한라산,MOUNTAIN
한림면,REGION
한림읍,REGION
한명회,PERSON
한산면,REGION
한석봉,PERSON
한솔동,REGION
한수면,REGION
한용운,PERSON
한천면,REGION
한탄강,RIVER
할미꽃,PLANT
함라면,REGION
함백산,MOUNTAIN
함안군,REGION
함안면,REGION
함양군,REGION
함양읍,REGION
함열읍,REGION
함창읍,REGION
함평군,REGION
함평읍,REGION
합덕읍,REGION
합성동,REGION
합정동,REGION
합정역,REGION
합천군,REGION
합천읍,REGION
핫소스,FOOD
항공사,TRANSPORT
항구동,REGION
항남동,REGION
해남군,REGION
해남읍,REGION
해도동,REGION
해룡면,REGION
해리면,REGION
해망동,REGION
해물찜,FOOD
해물탕,FOOD
해미면,REGION
해보면,REGION
해산동,REGION
해신동,REGION
해안동,REGION
해안면,REGION
해운동,REGION
해장국,FOOD
해제면,REGION
해조류,FOOD
해파리,FOOD
해평면,REGION
핸드볼,SPORTS
햄버거,FOOD
행구동,REGION
행궁동,REGION
행당동,REGION
행당역,REGION
행신동,REGION
행안면,REGION
행암동,REGION
행운동,REGION
행정동,REGION
행주동,REGION
행촌동,REGION
향교동,REGION
향남읍,REGION
향동동,REGION
향정동,REGION
향촌동,REGION
허브차,FOOD
헌신동,REGION
헝가리,REGION
헤타페,SPORTS_TEAM
현경면,REGION
현곡면,REGION
현남면,REGION
현내면,REGION
현덕면,REGION
현도면,REGION
현동면,REGION
현미밥,FOOD
현미죽,FOOD
현북면,REGION
현산면,REGION
현서면,REGION
현석동,REGION
현수동,REGION
현암동,REGION
현영동,REGION
현영민,PERSON
현저동,REGION
현천동,REGION
현풍면,REGION
형곡동,REGION
형산강,RIVER
혜화동,REGION
혜화역,REGION
호계동,REGION
호계면,REGION
호근동,REGION
호남동,REGION
호랑이,ANIMAL
호림동,REGION
호명동,REGION
호박꽃,PLANT
호박벌,INSECT
호박씨,FOOD
호박엿,FOOD
호박잎,FOOD
호박전,FOOD
호박죽,FOOD
호법면,REGION
호산동,REGION
호암동,REGION
호원동,REGION
호저면,REGION
호탄동,REGION
호평동,REGION
호현동,REGION
홍난파,PERSON
홍내동,REGION
홍농읍,REGION
홍도동,REGION
홍동면,REGION
홍명보,PERSON
홍문동,REGION
홍범도,PERSON
홍북읍,REGION
홍산면,REGION
홍성군,REGION
홍성읍,REGION
홍성흔,PERSON
홍어회,FOOD
홍은동,REGION
홍익동,REGION
홍정호,PERSON
홍제동,REGION
홍제역,REGION
홍지동,REGION
홍천군,REGION
홍천읍,REGION
홍파동,REGION
홍화씨,FOOD
화개동,REGION
화개면,REGION
화계동,REGION
화곡동,REGION
화곡역,REGION
화남면,REGION
화도면,REGION
화도읍,REGION
화동면,REGION
화룡동,REGION
화명동,REGION
화목동,REGION
화봉동,REGION
화북면,REGION
화산동,REGION
화산면,REGION
화서동,REGION
화서면,REGION
화서역,REGION
화성동,REGION
화성면,REGION
화성시,REGION
화수동,REGION
화순군,REGION
화순읍,REGION
화악산,MOUNTAIN
화암동,REGION
화양동,REGION
화양면,REGION
화양읍,REGION
화영동,REGION
화왕산,MOUNTAIN
화원면,REGION
화원읍,REGION
화장동,REGION
화전동,REGION
화정동,REGION
화정면,REGION
화정역,REGION
화지동,REGION
화천군,REGION
화천동,REGION
화천읍,REGION
화촌면,REGION
화치동,REGION
화평동,REGION
화현면,REGION
환호동,REGION
활성동,REGION
황간면,REGION
황계동,REGION
황금동,REGION
황길동,REGION
황남동,REGION
황등면,REGION
황룡강,RIVER
황룡동,REGION
황룡면,REGION
황매산,MOUNTAIN
황볼락,FISH
황산동,REGION
황산면,REGION
황상동,REGION
황석산,MOUNTAIN
황석호,PERSON
황선홍,PERSON
황성동,REGION
황순원,PERSON
황아귀,FISH
황악산,MOUNTAIN
황연동,REGION
황오동,REGION
황용동,REGION
황장산,MOUNTAIN
황재균,PERSON
황전면,REGION
황지동,REGION
황진이,PERSON
황태포,FOOD
황태현,PERSON
황학동,REGION
황호동,REGION
황희찬,PERSON
회기동,REGION
회기역,REGION
회남면,REGION
회덕동,REGION
회덮밥,FOOD
회동동,REGION
회룡역,REGION
회산동,REGION
회성동,REGION
회수동,REGION
회암동,REGION
회야강,RIVER
회원동,REGION
회인면,REGION
회정동,REGION
회진면,REGION
회천동,REGION
회천면,REGION
회현동,REGION
회현면,REGION
회현역,REGION
회화면,REGION
횡성군,REGION
횡성읍,REGION
횡천면,REGION
효가동,REGION
효덕동,REGION
효돈동,REGION
효령동,REGION
효령면,REGION
효목동,REGION
효문동,REGION
효성동,REGION
효자동,REGION
효제동,REGION
효창동,REGION
효평동,REGION
효현동,REGION
후암동,REGION
후지산,MOUNTAIN
후평동,REGION
후포면,REGION
훈정동,REGION
휘경동,REGION
휴암동,REGION
휴천동,REGION
휴천면,REGION
흑산면,REGION
흑석동,REGION
흑석역,REGION
흑설탕,FOOD
흑암동,REGION
흥각동,REGION
흥덕동,REGION
흥덕면,REGION
흥도동,REGION
흥사동,REGION
흥선동,REGION
흥업면,REGION
흥인동,REGION
흥천면,REGION
흥해읍,REGION
희양산,MOUNTAIN
흰우유,FOOD
가나,REGION
가봉,REGION
가지,FOOD
간장,FOOD
갈대,PLANT
갈치,FISH
감귤,FOOD
감자,FOOD
갑동,REGION
강동,REGION
강원,REGION
강정,FOOD
강황,FOOD
개떡,FOOD
개미,INSECT
개불,FOOD
거봉,FOOD
거위,BIRD
검복,FISH
견훤,PERSON
겸면,REGION
경기,REGION
경남,REGION
경단,FOOD
경동,REGION
경북,REGION
계동,REGION
계란,FOOD
계백,PERSON
계피,FOOD
고명,FOOD
고수,FOOD
고은,PERSON
고종,PERSON
고추,FOOD
곤약,FOOD
골프,SPORTS
곰취,FOOD
곰탕,FOOD
공작,BIRD
곶감,FOOD
과일,FOOD
관자,FOOD
관창,PERSON
광어,FOOD
광주,REGION
교동,REGION
구동,REGION
국동,REGION
국밥,FOOD
국수,FOOD
국화,PLANT
군밤,FOOD
굴비,FOOD
궁동,REGION
궁예,PERSON
권율,PERSON
권혁,PERSON
궐동,REGION
귀리,FOOD
근대,FOOD
금강,RIVER
금동,REGION
금산,MOUNTAIN
기니,REGION
기린,ANIMAL
기아,SPORTS_TEAM
기장,FOOD
길동,REGION
길재,PERSON
김구,PERSON
김밥,FOOD
김치,FOOD
까치,BIRD
깨죽,FOOD
깻잎,FOOD
꼬막,FOOD
꼼치,FISH
꽁치,FISH
꽃게,FOOD
꿀떡,FOOD
꿀벌,INSECT
나물,FOOD
나비,INSECT
나토,FOOD
낙지,FOOD
낙타,ANIMAL
난초,PLANT
날치,FOOD
남강,RIVER
남구,REGION
남동,REGION
남면,REGION
남산,MOUNTAIN
낫또,FOOD
내동,REGION
내면,REGION
냉면,FOOD
냉이,FOOD
넙치,FISH
네팔,REGION
노니,FOOD
노루,ANIMAL
녹두,FOOD
녹차,FOOD
논개,PERSON
농구,SPORTS
농어,FISH
누에,INSECT
늑대,ANIMAL
능동,REGION
다동,REGION
다래,FRUIT
단감,FOOD
단군,PERSON
달걀,FOOD
달동,REGION
달래,FOOD
닭발,FOOD
닭죽,FOOD
답동,REGION
당구,SPORTS
당귀,FOOD
당근,FOOD
당동,REGION
당면,FOOD
대구,REGION
대동,REGION
대전,REGION
대추,FOOD
대하,FOOD
더덕,FOOD
덕대,FISH
덕동,REGION
덮밥,FOOD
도넛,FOOD
도동,REGION
도마,SPORTS
도미,FOOD
독사,ANIMAL
독일,REGION
돌돔,FISH
동강,RIVER
동구,REGION
동동,REGION
동면,REGION
동읍,REGION
동태,FOOD
돼지,ANIMAL
된장,FOOD
두동,REGION
두릅,FOOD
두부,FOOD
두산,SPORTS_TEAM
두유,FOOD
들깨,FOOD
딸기,FOOD
땅콩,FOOD
떡국,FOOD
라면,FOOD
라임,FOOD
럭비,SPORTS
레몬,FOOD
레일,TRANSPORT
롤빵,FOOD
롯데,SPORTS_TEAM
리치,FRUIT
마늘,FOOD
마동,REGION
마차,TRANSPORT
막장,FOOD
만두,FOOD
만주,FOOD
말리,REGION
맛살,FOOD
맛술,FOOD
망고,FOOD
매미,INSECT
매실,FOOD
맥주,DRINK
머루,FOOD
머위,FOOD
머핀,FOOD
멍게,FOOD
메기,FISH
메론,FOOD
메밀,FOOD
멜론,FOOD
멸치,FISH
명동,REGION
명태,FISH
모과,FOOD
모기,INSECT
목동,REGION
목면,REGION
목살,FOOD
몰타,REGION
몽골,REGION
묘동,REGION
무국,FOOD
무밥,FOOD
무순,FOOD
무청,FOOD
묵동,REGION
묵밥,FOOD
문어,FOOD
물엿,FOOD
물회,FOOD
미국,REGION
미역,FOOD
민어,FISH
민트,FOOD
바질,FOOD
박쥐,ANIMAL
박하,FOOD
반지,FISH
밤꿀,FOOD
방동,REGION
방어,FOOD
배구,SPORTS
배동,REGION
배즙,FOOD
배추,FOOD
백미,FOOD
백숙,FOOD
백조,BIRD
백주,DRINK
백합,PLANT
뱁새,BIRD
버섯,FOOD
버순,INSTRUMENT
버스,TRANSPORT
버찌,FOOD
버터,FOOD
번동,REGION
번리,SPORTS_TEAM
벌새,BIRD
법고,INSTRUMENT
법동,REGION
벚꽃,PLANT
베냉,REGION
베리,FRUIT
베스,FOOD
변동,REGION
변산,MOUNTAIN
병어,FISH
보리,FOOD
보쌈,FOOD
보트,TRANSPORT
복싱,SPORTS
본동,REGION
볼락,FISH
봄동,FOOD
봉동,REGION
부동,REGION
부산,REGION
부세,FISH
부추,FOOD
부탄,REGION
북구,REGION
북동,REGION
북면,REGION
북어,FOOD
불닭,FOOD
붕어,FISH
비지,FOOD
비트,FOOD
빙수,FOOD
빙어,FISH
뽕잎,FOOD
사과,FOOD
사동,REGION
사슴,ANIMAL
사자,ANIMAL
사케,DRINK
사탕,FOOD
산삼,FOOD
산양,ANIMAL
살구,FOOD
삼동,REGION
삼성,SPORTS_TEAM
삼치,FISH
삼합,FOOD
상동,REGION
상면,REGION
상어,FISH
상추,FOOD
새납,INSTRUMENT
새우,FOOD
생강,FOOD
생선,FOOD
생수,FOOD
생율,FOOD
서강,RIVER
서구,REGION
서동,REGION
서면,REGION
서울,REGION
석동,REGION
석류,FOOD
선동,REGION
선지,FOOD
섬강,RIVER
성게,FOOD
성대,FISH
성동,REGION
세동,REGION
세종,REGION
소고,INSTRUMENT
소금,FOOD
소라,FOOD
소면,FOOD
소주,DRINK
솔잎,FOOD
송동,REGION
송어,FOOD
송편,FOOD
수구,SPORTS
수단,REGION
수동,REGION
수박,FOOD
수소,ANIMAL
수수,FOOD
수영,SPORTS
수육,FOOD
수탉,ANIMAL
수프,FOOD
순대,FOOD
순동,REGION
순무,FOOD
순종,PERSON
술떡,FOOD
숫양,ANIMAL
숭늉,FOOD
스튜,FOOD
승마,SPORTS
시동,REGION
식빵,FOOD
식초,FOOD
식해,FOOD
식혜,DRINK
신동,REGION
싱아,PLANT
쌈밥,FOOD
쌈장,FOOD
쑥갓,FOOD
쑥국,FOOD
쑥떡,FOOD
쑥차,FOOD
씨름,SPORTS
아귀,FOOD
아욱,FOOD
악어,ANIMAL
안동,REGION
알밥,FOOD
알탕,FOOD
암소,ANIMAL
암양,ANIMAL
암탉,ANIMAL
앵두,FOOD
야구,SPORTS
야자,FRUIT
야채,FOOD
약과,FOOD
약식,FOOD
양궁,SPORTS
양동,REGION
양지,FOOD
양태,FISH
양파,FOOD
어묵,FOOD
어죽,FOOD
엔씨,SPORTS_TEAM
엘지,SPORTS_TEAM
여우,ANIMAL
여치,INSECT
역도,SPORTS
역동,REGION
연근,FOOD
연동,REGION
연시,FOOD
연어,FISH
연유,FOOD
열무,FOOD
영강,RIVER
영국,REGION
영동,REGION
영양,ANIMAL
영조,PERSON
예멘,REGION
오뎅,FOOD
오동,REGION
오디,FOOD
오리,ANIMAL
오만,REGION
오보,INSTRUMENT
오이,FOOD
옥돔,FISH
옥동,REGION
와동,REGION
와인,FOOD
왕건,PERSON
왕동,REGION
외동,REGION
용과,FOOD
용동,REGION
용면,REGION
우동,REGION
우럭,FOOD
우엉,FOOD
우유,DRINK
울면,FOOD
울산,REGION
원동,REGION
원효,PERSON
유과,FOOD
유도,SPORTS
유동,REGION
유부,FOOD
유신,PERSON
유자,FOOD
육전,FOOD
육포,FOOD
육회,FOOD
율동,REGION
율면,REGION
율무,FOOD
은어,FISH
은행,FOOD
이동,REGION
이란,REGION
이상,PERSON
이용,PERSON
이이,PERSON
이호,PERSON
이황,PERSON
인도,REGION
인동,REGION
인삼,FOOD
인조,PERSON
인천,REGION
일동,REGION
일벌,INSECT
일본,REGION
임동,REGION
입면,REGION
잉어,FISH
자두,FOOD
자몽,FOOD
작동,REGION
잡곡,FOOD
잡채,FOOD
잣죽,FOOD
장구,INSTRUMENT
장동,REGION
장미,PLANT
재동,REGION
재첩,FOOD
저동,REGION
전남,REGION
전동,REGION
전병,FOOD
전복,FOOD
전북,REGION
전어,FISH
절편,FOOD
젓갈,FOOD
정구,SPORTS
정동,REGION
정조,PERSON
정철,PERSON
제비,BIRD
제주,REGION
젤리,FOOD
조기,FOOD
조정,SPORTS
족구,SPORTS
족발,FOOD
졸복,FISH
좌동,REGION
주스,DRINK
죽동,REGION
죽순,FOOD
죽염,FOOD
준치,FOOD
중구,REGION
중동,REGION
중면,REGION
쥐치,FISH
증편,FOOD
지단,FOOD
지동,REGION
직동,REGION
짬뽕,FOOD
쫄면,FOOD
찐빵,FOOD
찜닭,FOOD
차드,REGION
차임,INSTRUMENT
참깨,FOOD
참돔,FISH
참마,FOOD
참복,FISH
참새,BIRD
참외,FOOD
참치,FISH
찹쌀,FOOD
창동,REGION
채소,FOOD
천동,REGION
천엽,FOOD
철봉,SPORTS
청각,FOOD
청동,REGION
청어,FISH
청주,FOOD
체리,FOOD
체코,REGION
첼로,INSTRUMENT
첼시,SPORTS_TEAM
초동,REGION
초밥,FOOD
최영,PERSON
최정,PERSON
최준,PERSON
추동,REGION
축구,SPORTS
충남,REGION
충북,REGION
치즈,FOOD
치타,ANIMAL
칠레,REGION
칡즙,FOOD
카레,FOOD
카풀,TRANSPORT
커피,DRINK
케냐,REGION
케익,FOOD
케일,FOOD
콘칩,FOOD
콜라,DRINK
콩류,FOOD
쿠바,REGION
쿠키,FOOD
쿵푸,SPORTS
큰북,INSTRUMENT
키움,SPORTS_TEAM
키위,FOOD
타조,BIRD
탁구,SPORTS
탑동,REGION
탕국,FOOD
태국,REGION
태종,PERSON
택견,SPORTS
택시,TRANSPORT
탱자,FOOD
터키,REGION
토고,REGION
토굴,FOOD
토끼,ANIMAL
토란,FOOD
통가,REGION
통닭,FOOD
통동,REGION
통밀,FOOD
튀각,FOOD
튜바,INSTRUMENT
튤립,PLANT
티볼,SPORTS
파동,REGION
파래,FOOD
파리,INSECT
파전,FOOD
팝콘,FOOD
팥떡,FOOD
팥빵,FOOD
팥죽,FOOD
페루,REGION
펭귄,BIRD
편육,FOOD
평동,REGION
포도,FOOD
포동,REGION
표범,ANIMAL
풍동,REGION
피겨,SPORTS
피망,FOOD
피자,FOOD
피지,REGION
피칸,FOOD
필동,REGION
하동,REGION
하마,ANIMAL
하프,INSTRUMENT
학동,REGION
한강,RIVER
한과,FOOD
한치,FOOD
한화,SPORTS_TEAM
합동,REGION
핫윙,FOOD
항동,REGION
해삼,FOOD
행동,REGION
향동,REGION
허균,PERSON
허준,PERSON
헬기,TRANSPORT
현동,REGION
현미,FOOD
혈동,REGION
호동,REGION
호두,FOOD
호밀,FOOD
호박,FOOD
호빵,FOOD
혹돔,FISH
홍삼,FOOD
홍시,FRUIT
홍어,FISH
홍잠,FOOD
홍차,FOOD
홍철,PERSON
홍초,FOOD
홍콩,REGION
홍합,FOOD
화동,REGION
화채,FOOD
황강,RIVER
황돔,FISH
황복,FISH
황새,BIRD
황어,FISH
황주,DRINK
황태,FOOD
황희,PERSON
효동,REGION
후추,FOOD
흑태,FOOD
흥동,REGION
