꼬막찜 어떠세요,0
도미찜 어떠세요,0
두릅적 어떠세요,0
딸기잼 어떠세요,0
매실차 어떠세요,0
멍게젓 어떠세요,0
소라찜 어떠세요,0
소라초 어떠세요,0
쑥설기 어떠세요,0
쑥콩죽 어떠세요,0
취나물 어떠세요,0
한라봉 어떠세요,0
냉이수프 어떠세요,0
달래무침 어떠세요,0
더덕무침 어떠세요,0
더덕초밥 어떠세요,0
도미구이 어떠세요,0
두릅무침 어떠세요,0
멍게김치 어떠세요,0
멍게살사 어떠세요,0
미더덕찜 어떠세요,0
소라산적 어떠세요,0
쑥버무리 어떠세요,0
우엉구이 어떠세요,0
우엉잡채 어떠세요,0
장어백숙 어떠세요,0
장어조림 어떠세요,0
꼬막찜 추천 드려요,0
다슬기국밥 어떠세요,0
다슬기무침 어떠세요,0
다슬기조림 어떠세요,0
달래김무침 어떠세요,0
더덕들깨탕 어떠세요,0
도미찜 추천 드려요,0
두릅비빔밥 어떠세요,0
두릅적 추천 드려요,0
딸기레밍턴 어떠세요,0
딸기잼 추천 드려요,0
래무침 추천 드려요,0
매실장아찌 어떠세요,0
매실차 추천 드려요,0
멍게비빔밥 어떠세요,0
멍게젓 추천 드려요,0
바지락볶음 어떠세요,0
소라찜 추천 드려요,0
소라초 추천 드려요,0
쑥설기 추천 드려요,0
쑥콩죽 추천 드려요,0
쑥해물튀김 어떠세요,0
씀바귀나물 어떠세요,0
씀바귀튀김 어떠세요,0
우엉떡잡채 어떠세요,0
주꾸미볶음 어떠세요,0
참치샐러드 어떠세요,0
취나물 추천 드려요,0
취나물솥밥 어떠세요,0
취나물장떡 어떠세요,0
한라봉 추천 드려요,0
꼬막된장찌개 어떠세요,0
냉이된장무침 어떠세요,0
냉이수프 추천 드려요,0
다슬기수제비 어떠세요,0
달래된장찌개 어떠세요,0
달래무침 추천 드려요,0
더덕무침 추천 드려요,0
더덕초밥 추천 드려요,0
도미구이 추천 드려요,0
두릅무침 추천 드려요,0
딸기 찹쌀떡 어떠세요,0
멍게김치 추천 드려요,0
멍게살사 추천 드려요,0
미더덕들깨찜 어떠세요,0
미더덕찜 추천 드려요,0
배꼽살네기마 어떠세요,0
소라달래무침 어떠세요,0
소라산적 추천 드려요,0
쑥버무리 추천 드려요,0
오이달래생채 어떠세요,0
우엉구이 추천 드려요,0
우엉잡채 추천 드려요,0
우엉찹쌀튀김 어떠세요,0
장어백숙 추천 드려요,0
장어조림 추천 드려요,0
참치스테이크 어떠세요,0
키조개 관자 어떠세요,0
풍천장어구이 어떠세요,0
가마살스테이크 어떠세요,0
냉이된장수제비 어떠세요,0
다슬기국밥 추천 드려요,0
다슬기무침 추천 드려요,0
다슬기조림 추천 드려요,0
달래김무침 추천 드려요,0
더덕들깨탕 추천 드려요,0
두릅베이컨말이 어떠세요,0
두릅비빔밥 추천 드려요,0
딸기 컵케이크 어떠세요,0
딸기레밍턴 추천 드려요,0
매실장아찌 추천 드려요,0
멍게비빔밥 추천 드려요,0
미더덕미나리찜 어떠세요,0
바지락닭칼국수 어떠세요,0
바지락두부볶음 어떠세요,0
바지락볶음 추천 드려요,0
쑥해물튀김 추천 드려요,0
씀바귀나물 추천 드려요,0
씀바귀달래냉채 어떠세요,0
씀바귀튀김 추천 드려요,0
우엉떡잡채 추천 드려요,0
장어부추맑은탕 어떠세요,0
주꾸미볶음 추천 드려요,0
주꾸미채소볶음 어떠세요,0
참치샐러드 추천 드려요,0
취나물솥밥 추천 드려요,0
취나물장떡 추천 드려요,0
한라봉 샐러드 어떠세요,0
한라봉롤케이크 어떠세요,0
김치주꾸미떡볶음 어떠세요,0
꼬막돌나물비빔밥 어떠세요,0
꼬막된장찌개 추천 드려요,0
냉이된장무침 추천 드려요,0
다슬기수제비 추천 드려요,0
달래된장찌개 추천 드려요,0
딸기 찹쌀떡 추천 드려요,0
미더덕들깨찜 추천 드려요,0
바지락순두부찌개 어떠세요,0
배꼽살네기마 추천 드려요,0
소라달래무침 추천 드려요,0
오이달래생채 추천 드려요,0
우엉찹쌀튀김 추천 드려요,0
주꾸미삼겹살볶음 어떠세요,0
참치스테이크 추천 드려요,0
취나물표고영양밥 어떠세요,0
키조개 관자 추천 드려요,0
풍천장어구이 추천 드려요,0
가마살스테이크 추천 드려요,0
꼬막 고추양념 찜 어떠세요,0
냉이나물 두부스낵 어떠세요,0
냉이된장수제비 추천 드려요,0
닭가슴살 더덕무침 어떠세요,0
두릅베이컨말이 추천 드려요,0
딸기 컵케이크 추천 드려요,0
매실고추장비빔국수 어떠세요,0
매실정과와 매실청 어떠세요,0
미더덕미나리찜 추천 드려요,0
미더덕부추된장찌개 어떠세요,0
바지락닭칼국수 추천 드려요,0
바지락두부볶음 추천 드려요,0
씀바귀달래냉채 추천 드려요,0
장어부추맑은탕 추천 드려요,0
조개관자해초비빔밥 어떠세요,0
주꾸미채소볶음 추천 드려요,0
한라봉 샐러드 추천 드려요,0
한라봉롤케이크 추천 드려요,0
김치주꾸미떡볶음 추천 드려요,0
꼬막돌나물비빔밥 추천 드려요,0
바지락순두부찌개 추천 드려요,0
소금 크러스트 도미 어떠세요,0
주꾸미삼겹살볶음 추천 드려요,0
취나물표고영양밥 추천 드려요,0
꼬막 고추양념 찜 추천 드려요,0
냉이나물 두부스낵 추천 드려요,0
닭가슴살 더덕무침 추천 드려요,0
매실고추장비빔국수 추천 드려요,0
매실정과와 매실청 추천 드려요,0
미더덕부추된장찌개 추천 드려요,0
씀바귀 콩가루장 무침 어떠세요,0
조개관자해초비빔밥 추천 드려요,0
한라봉 브레드 샐러드 어떠세요,0
소금 크러스트 도미 추천 드려요,0
쑥의 효능은 부인병 치료에 좋데요,0
씀바귀 콩가루장 무침 추천 드려요,0
장어의 효능은 정력 보충에 좋데요,0
한라봉 브레드 샐러드 추천 드려요,0
그린샐러드 키조개 비빔우동 어떠세요,0
씀바귀의 효능은 입맛 회복에 좋데요,0
두릅은 건강한 다이어트에 효과적이래요,0
그린샐러드 키조개 비빔우동 추천 드려요,0
버섯크림소스를 곁들인 도미구이 어떠세요,0
요즘 제철인 씀바귀로 입맛 회복 어떠세요,0
주꾸미의 효능은 콜레스테롤 감소에 좋데요,0
취나물의 효능은 몸속의 염분배출에 좋데요,0
키조개 양배추 오렌지 소스 볶음 어떠세요,0
키조개의 효능은 콜레스테롤 저하에 좋데요,0
버섯크림소스를 곁들인 도미구이 추천 드려요,0
냉이의 효능은 소화 용이와 생리불순 해소래요,0
다슬기의 효능은 시력보호와 숙취해소에 좋데요,0
더덕의 효능은 원기회복과 가래 해소에 좋데요,0
보관방법은 꼭 밀봉하여 냉동실에 보관하세요.,0
소라의 효능은 열랑이 적어 다이어트에 좋데요,0
키조개 양배추 오렌지 소스 볶음 추천 드려요,0
꼬막의 효능은 어린이 성장발육과 빈혈예방이래요,0
다슬기는 녹색빛깔이 참 고운 식재료 입니다. ,0
매실의 효능은 저열량 저지방 다이어트에 좋대요,0
매실의 효능은 저열량 저지방 다이어트에 좋데요,0
바지락의 효능은 철분 보충과 빈혈 예방 이래요,0
우엉은 저장 시 건조하지 않도록 주의해야한데요,0
한라봉의 효능은 피로 회복과 감기예방에 좋대요,0
한라봉의 효능은 피로 회복과 감기예방에 좋데요,0
꼬막은 봄철 입맛을 깨우는 별미로 제격입니다. ,0
딸기의 효능은 암세포 억제 와 항산화 작용이래요,0
멍게의 효능은 노화 방지와 당뇨병 예방에 좋데요,0
장어는 기력회복에 좋대요 장어 한마리 어떠신지요,0
도미의 효능은 피로회복과 회복기환자 치유에 좋데요,0
매실 보관 방법은 깨끗이 씻어 냉장 보관해야한데요,0
우엉의 효능은 비만예방과 신장의 기능향상 이래요.,0
참다랑어의 효능은 동맥경화와 고혈압 예방에 좋데요,0
냉이 손질법은 흐르는 물에 여러 번 씻어야 한데요 ,0
달래의 효능은 춘공증 예방과 동맥경화증 예방 이래요,0
장어 손질법은 얼음물에 담가 진액을 제거해야한데요 ,0
키조개 보관 방법은 밀봉하여 냉동실에 보관해야한데요,0
냉이는 손질하고 남은 것은 살짝 데쳐서 보관해야한데요,0
달래 구입 요령은 줄기가 마르지 않은 것이 싱싱하데요,0
소라 보관 방법은 깨끗이 손질하여 냉동 보관해야한데요,0
주꾸미는 먹을 만큼 비닐팩에 담아 냉동 보관해야한데요,0
다슬기 보관 방법은 깨끗이 손질하여 냉동 보관해야한데요,0
미더덕의 효능은 성인병 예방과 콜레스테롤 저하에 좋데요,0
우엉 구입 요령은 껍질에 흠이 없고 매끈한 것이 좋데요,0
도미 구입요령은 손으로 눌러보아 살이 단단한 것이 좋데요,0
매실 손질법은 흐르는 물에 여러 번 깨끗이 씻어야 한데요,0
아삭아삭 씹는 맛이 매력인 뿌리채소 우엉 한번 드세보세요,0
우엉을 써는 방법은 연필 깎듯이 써는 방법이 가장 좋데요,0
장어 보관 방법은 해동한 후 재냉동하면 맛이 떨어진답니다,0
참다랑어 손질법은 배에 칼집을 넣어 내장을 빼내야 한데요,0
꼬막 보관방법은 데친 후 살만 발라 냉동실에 보관해야한데요,0
냉이 구입요령은 뿌리가 너무 굵고 질기지 않은 것이 좋데요,0
도미중 맛이 가장 뛰어난 것은 봄철의 분홍빛을 띤 참돔래요,0
장어 구입요령은 살이 미끈하고 눈이 투명한 것이 신선하데요,0
다슬기 손질법은 3시간 이상 물에 담궈 해감시켜야 한답니다.,0
멍게 구입 요령은 싱싱한 멍게는 껍질의 색이 붉고 단단하데요,0
미더덕 손질법은 깨끗하게 씻은 후 건져 물기를 빼야 한데요.,0
씀바귀 구입 요령은 잎이 싱싱하며 짙은 녹색일 것이 좋데요 ,0
주꾸미 구입요령은 다리의 흡반이 뚜렷한 것을 고르는게 좋데요,0
냉이 보관방법은 0도에서 5도까지 보관하고 3일까지 안전하데요,0
다슬기 구입 요령은 껍질이 깨지지 않았으며 길쭉한 것이 좋데요,0
달래 보관방법은 0도에서 5도까지 보관하고 7일까지 안전하데요,0
바지락 구입요령은 껍질이 깨지지 않고 윤기가 나는 것이 좋데요,0
소라 손질법은 살아 있는 것을 살짝 찌면 쉽게 빼낼 수 있데요,0
한라봉 구입 요령은 한라봉은 껍질이 얇은 것이 당도가 높데요.,0
두릅을 오래 보관하기 위해 소금에 절이거나 얼리기도 해야한데요 ,0
미더덕 구입요령은 몸통이 통통하고 특유의 향이 강한 것이 좋데요,0
우엉 보관방법은 0도에서 5도까지 보관하고 3일까지 안전하데요 ,0
장어 보관 방법은 먹기 좋은 크기로 손질하여 냉동 보관해야한데요,0
급속 냉동한 참다랑어는 한 번 먹을 만큼의 양을 랩으로 싸야한데요,0
더덕 구입요령은 크기가 크거나 작은 것은 제맛을 내지 못해야한데요,0
도미 보관방법은 비늘을 긁고 내장을 제거한 후 깨끗이 씻어야한데요,0
멍게 손질법은 먹기 전에 흐르는 물에 씻고 물기를 제거해야 한데요,0
씀바귀 구입 요령은 잎이 지나치게 크거나 거칠지 않는 것이 좋데요,0
요즘 제철인 잘익은 매실로 쌓였던 피로를 풀어보는 것은 어떨까요 ,0
다슬기 손질법은 다슬기를 비벼서 씻어 껍질의 이물질을 제거해야한데요,0
딸기 구입오령은 꼭지가 마르지 않고 진한 푸른색을 띠는 것이 좋데요,0
매실 보관 방법은 1에서 5도 사이에서 보관하고 7일까지 안전하데요,0
미더덕 구입요령은 황갈색을 띠나 붉은색을 나타낼수록 상품이 좋데요 ,0
소라 구입 요령은 살아 있고 살이 위로 빠져나오지 않은 것이 좋데요,0
쑥 보관방법은 1도에서 5도 사이에서 보관하고 3일까지 안전하데요 ,0
우엉 구입 요령은 바람이 들지 않고 너무 건조하지 않는 것이 좋데요,0
참다랑어 구입요령은 눌러 봤을 때 단단하고 탄력이 있는 것이 좋데요,0
취나물 구입요령은 봄철에 나오는 참취가 맛과 향이 가장 뛰어나답니다,0
취나물은 위생봉지에 넣어 냉장고에 두면 2~3일은 보관할 수 있데요,0
두릅 구입요령은 두릅순이 연하고 굵은 것 잎이 피지 않는 것이 좋데요,0
두릅 보관방법은 0도에서 5도 사이에서 보관하고 7일까지 안전하데요 ,0
두릅 손질법은 끝에 나뭇가지 같은 것이 있다면 그것을 잘라내는 거래요,0
딸기 보관방법은 1도에서 5도 사이에서 보관하고 4일까지 안전하데요 ,0
딸기는 오래 보관하기 힘들기 때문에 1주일을 넘기지 않도록 해야한데요,0
멍게 보관 방법은 0도에서 5도 사이에서 보관하고 3일까지 안전하데요,0
보관방법은 영하 20도에서 0도 사이에서보관하고 한달 까지 안전하데요,0
소라 구입 요령은 들어 보았을 때 무겁고 살이 탄력 있는 것이 좋데요,0
키조개 구입요령은 입이 벌어지지 않고 껍질이 깨지지 않은 것이 좋데요,0
한라봉 손질법은 소금으로 문질러 껍질의 농약을 제거하여 드셔야 된데요,0
냉이 손질법은 흙을 털어내고 누렇게 변한 겉잎을 깨끗이 다듬어야 한데요,0
달래 보관 방법은 물을 뿌려서 신문지에 싼 다음 냉장고에 보관해야한데요,0
더덕 보관방법은 1도에서 10도 사이에서 보관하고 1개월까지 안전하데요,0
씀바귀 보관방법은 0도에서 5도 사이에서 보관하고 5일까지 안전하데요 ,0
냉이는 랩에 싸서 습기를 유지해 주면 냉장고에서 2~3일은 견딜수 있데요,0
두릅 구입요령은 껍질이 지나치게 마르지 않는 것 향기가 강한 것이 좋데요,0
쑥 손질법은 어린 쑥을 칼로 밑동을 잘라내고 소금물에 헹궈 이용해야한데요,0
향도 달콤 맛도 달콤한 비타민씨가 풍부한 딸기를 이용한 요리 어떠신가요 ,0
금방 먹을 딸기는 꼭지를 떼지 말고 비닐 랩을 씌워 냉장고에 보관해야한데요,0
냉이는 쌉쌀하면서도 향긋한 맛이 잃었던 입맛을 되찾게 해주는 봄나물이에요.,0
더덕 손질법은 물에 불리거나 불에 살짝 구우면 껍질을 쉽게 벗길 수 있데요,0
소라 보관 방법은 영하 20도 0도 사이에서 보관하고 1개월까지 안전하데요,0
쑥 구입요령은 줄기가 뻗어나가지 않고 응달에서 독장 나온 어린 쑥이 좋데요,0
우엉 구입 요령은 수염뿌리나 혹이 없는 것 잘랐을 때 부드러운 것이 좋데요,0
우엉은 소량의 경우는 이틀 정도 햇볕에 말렸다가 신문지에 싸서 두면 좋데요,0
주꾸미 손질법은 주꾸미의 머리와 다리의 연결된 부분을 칼집을 내 줘야한데요,0
참다랑어 보관방법은 20도에서 1도사이에서 보관하고 1개월까지 안전하데요 ,0
취나물 손질법은 잎이 퍼지고 줄기도 부들부들해지면 건져서 찬물에 헹군답니다,0
꼬막 보관방법은 영하 20도에서 0도 사이에서 보관하고 15일까지 안전하데요,0
더덕 보관방법은 10도 이하에서는 신문지에 싸서 마르지 않도록 보관해야한데요,0
두릅 보관 방법은 향을 즐기는 산채이므로 오래 보관하지 않는 것이 포인트래요,0
인삼의 사촌쯤 되는 더덕 향과 맛으로 입맛을 회복시켜주는 건강 음식입니다. ,0
장어 구입요령은 등 빛깔이 회흑색 다갈색 진한 녹색인 것이 특히 맛이 좋데요,0
주꾸미 보관방법은 영하 20도에서 0도 사이에서 보관하고 7일까지 안전하데요,0
취나물 구입요령은 부드럽고 연한 녹색을 띠는 것이 뻣뻣하지 않고 향이 좋데요,0
취나물 보관방법은 18도에서 22도 사이에서 보관하고 15일까지 안전하데요 ,0
취나물은 봄에 뜯어 나물이나 쌈을 싸먹으면 독특한 향취가 미각을 자극합니다.,0
한라봉 보관 방법은 18도에서 25도 사이에서 보관하고 7일까지 안전하데요 ,0
달래 손질법은 흐르는 물에 한 뿌리씩 흔들어 씻어 흙을 말끔히 씻어내야 된데요,0
도미 보관방법은 영하 20도에서 0도 사이에서 보관하고 1개월까지 안전하데요 ,0
딸기 구입오령은 과육의 붉은 빛깔이 꼭지 부분까지 도는 것이 잘 익은 딸기래요,0
장어 보관 방법은 영하 20도에서 0도 사이에서 보관하고 1개월까지 안전하데요,0
주꾸미는 내장과 먹통을 제거한 주꾸미를 끓는 물에 살짝 데쳐 찬물에 헹군답니다,0
키조개 손질법은 입을 열어 속에 있는 뻘물이나 여러 불순물을 씻어 내야 된데요,0
꼬막 손질법은 숟가락을 시계 방향으로 힘을 쥐서 틀어주면 꼬막껍질이 벌어진답니다,0
다슬기 보관 방법은 영하 20도에서 0도 사이에서 보관하고 1개월까지 안전하데요,0
달래 구입 요령은 알뿌리가 굵은 것일수록 향이 강하지만 너무 커도 맛이 덜하데요,0
도미 보관방법은 손질한 도미를 적당한 크기로 잘라 랩을 씌워 냉동 보관해야한데요,0
도미 손질법은 비늘을 칼등으로 긁어내고 통으로 조리할 떄는 아가미를 벌려야한데요,0
딸기 손질법은 30초 이상 물에 담가두면 비타민 C가 물에 녹아 빠져나온답니다.,0
미더덕 보관 방법은 영하 20도에서 0도 사이에서 보관하고 7일까지 안전하데요 ,0
키조개 보관 방법은 영하 20도에서 0도 사이에서 보관하고 1개월까지 안전하데요,0
단군신화에 쑥이야기가 나오죠 이는 쑥의 효능이 뛰어나다는걸 의미하는 것이겠지요. ,0
달래 보관 방법은 줄기가 가늘어 시들기 쉬우므로 되도록 빨리 조리하는 것이 좋데요,0
더덕 손질법은 구입 후 흙을 깨끗이 씻어낸 후 칼집을 내어 외피를 벗겨내야 된데요,0
쑥 구입요령은 이른 봄철 응달에서 자란 어리고 부드러운 잎이 향과 맛이 뛰어나답니다,0
씀바귀 구입 요령은 뿌리에 잔털이 없되 너무 굵지 않고 길게 쭉쭉 뻗은 것이 좋데요,0
씀바귀 구입 요령은 잎은 앞 뒷면이 깨끗하고 변색되지 않은 것을 고르는 것이 좋데요,0
우엉 손질법은 껍질을 솔로 문질러 씻거나 칼등으로 껍질을 긁어 내리며 제거해야한데요,0
주꾸미는 해마다 봄이면 주꾸미 축제가 열릴 만큼 봄에 꼭 맛봐야 하는 재료입니다. ,0
꼬막 구입요령은 껍질이 깨지지 않고 물결 무늬가 선명하고 깨끗한 것을 고르는게 좋데요,0
도미 손질법은 내장을 빼내고 머리를 자르는 음식은 재빨리 내장을 뺀 후 조리해야한데요,0
멍게는 지방질이 거의 없어 해파리와 함께 3대 저칼로리 수산물로 꼽히기도 한답니다. ,0
장어 손질법은 장어 등쪽에 칼집을 넣어 내장과 뼈를 발라낸 뒤 뜨거운 김을 쐬야한데요,0
참다랑어 구입요령은 육질은 붉은색을 띄고 고운 육질을 가지고 있는 것이 최고급이래요 ,0
참다랑어는 냉동실에 보관해두었다 필요할 때마다 꺼내서 먹으며 재냉동하지 않어야 한데요,0
두릅은 입맛이 없을 때 초고추장에 찍어 먹으면 없어졌던 입맛이 다시 돌아오는 채소래요.,0
쑥을 보관할 때는 수분이 약간 남아 있게 말려 공기가 잘 통하는 곳에 두어야 해야한데요,0
씀바귀 손질법은 흙을 털어내고 겉잎은 깨끗이 다듬어 흐르는 물에 여러 번 씻어야 한데요,0
한라봉 보관 방법은 서늘하고 통풍이 잘되는 상온에 보관하며 보관할수록 맛이 좋아진답니다,0
더덕 구입요령은 골이 깊고 속이 희고 곧게 자란 것으로 굵을수록 맛과 효능이 뛰어나답니다,0
참다랑어 손질법은 사용할 부위를 잘라 깨끗한 행주로 피를 말끔히 제거한 후 이용해야한데요,0
냉이 구입요령은 잎의 색이 짙은 녹색인 것 잎과 줄기가 자그만한 것 향이 진한 것이 좋데요,0
두릅 보관 방법은 수프레이로 물을 뿌려준 후 신문지에 싸서 냉장실 채소실에 보관해야한데요 ,0
두릅 손질법은 밑둥을 감싸고 있는 나무껍질 같은 것도 모두 떼어낸 후 물에 씻어 건진답니다,0
멍게는 냉장고에서 1~2일 보관 가능하며 먹을 만큼만 구입하여 되도록이면 빨리 먹어야 한데요,0
쑥 보관방법은 이른 봄에 어린 쑥을 따서 삶아 냉동실에 보관하면 1년 내내 이용할 수 있데요,0
주꾸미 손질법은 먹물의 연결 부분을 칼을 이용하여 살짝 누르면서 밀어내 먹통을 제거해야한데요,0
바지락 손질법은 맑은 물이 나올 때까지 문질러 닦은 후 소금을 넣은 물에 넣어 해감해야 한데요,0
취나물 손질법은 말린 취는 따뜻한 물에 충분히 불렸다가 냄비에 물을 넉넉히 붓고 삶어야 한데요,0
취나물은 좀 더 오래 보관하려면 데쳐서 물기를 꼭 짜 냉동실에 넣어두거나 말려서 보관해야한데요,0
한라봉 구입 오령은 금방 수확한 것은 푸석하고 즙이 적으며 진한 맛이 없어 피하는 것이 좋데요,0
달래는 냉이와 함께 봄을 알려주는 대표적인 봄나물로 톡 쏘는 매운맛이 봄의 미각을 자극한답니다.,0
미더덕 보관 방법은 막을 터뜨려 물기를 뺀낸 다음 깨끗이 씻어 비닐팩에 넣어 냉동 보관해야한데요,0
미더덕 손질법은 속에 든 물을 빼낸 미더덕은 흐르는 물에 모래가 나오지 않을 때까지 씻어야한데요,0
씀바귀 보관방법은 봉지에 넣고 공기를 불어 넣어 냉장 보관하면 오래도록 싱싱하게 먹을 수 있데요,0
참치라고도 불리는 참다랑어는 영양소가 풍부하고 칼로리와 지방이 낮아 바다의 닭고기라고 합니다. ,0
꼬들꼬들 씹히는 맛이 일품인 소라는 술안주에도 좋아요. 입맛이 없을때 입맛회복 요리로 추천합니다.,0
달래는 줄기가 가늘고 길쭉하여 잡풀이 섞일 염려가 많데요. 날로 드실 떄는 깨끗하게 씻어서 드세요,0
매실 구입요령은 색이 선명하고 알이 고르고 단단하며 껍질에 흠이 없고 벌레 먹지 않은 것이 좋데요,0
딸기는 습도에 약하기 때문에 물러지거나 곰팡이가 생기기 쉬우므로 종이상자에 담아 보관하는 것이 좋데요,0
한라봉 구입 요령은 껍질이 아주 들뜨거나 많이 주름진 한라봉은 신맛이 강하거나 싱거운 경우가 많데요.,0
딸기 손질법은 딸기는 껍질이 얇아 상하기 쉽고 과육이 부드러우므로 흐르는 물에 가볍게 씻는 것이 좋데요,0
도미는 봄철의 가장 맛있는 생선으로 지방이 적고 살이 단단해서 비만이 걱정되는 중년기에 좋은 식품이래요.,0
미더덕을 손질 할 때 속에 든 물을 빼는 이유는 자칫 입안을 델 염려가 있으므로 물을 빼내는 것이 좋데요,0
봄이 오면 담백한 맛이 일품인 키조개 요리도 맛 볼 수 있고 키조개 껍질은 장식품으로 활용할 수도 있답니다.,0
미더덕은 모양도 울퉁불퉁 재미나게 생기고 씹는 질감도 독특하여 상큼한 바다의 내음을 느낄수 있는 먹거리입니다.,0
한라봉은 옐로우 푸드의 대표적인 감귤류 과일로 카르티노이드 성분이 들어있어 뛰어난 항산화제로 알려져 있습니다. ,0
바지락은 조개중 가장 시원한 맛을 지니고 있답니다. 칼국수에 영양도 더하고 진한 국물맛도 내는 바지락을 소개합니다.,0
달래의 제철은 이른 봄 비닐 하우스 재배로 언제든지 맛볼 수 있지만 봄철 들에서 캐는 달래가 매운 맛이 강하고 맛이 좋데요,0
